Sector,Features
dwarka expressway,"'Lift(s)','HighCeilingHeight','Maintenanc...'PowerBack-up','FengShuiVaastuComplian...'Waterpurifier','CentrallyAirConditioned'...NaN'WaterStorage','VisitorParking','RainWat...'SecurityFireAlarm','FengShuiVaastu...'FengShuiVaastuCompliant','PrivateGard...NaNName:features,dtype:object"
gwal pahari,"'PrivateGardenTerrace','HighCeilingHei...'Waterpurifier','SecurityFireAlarm','F...NaN'SecurityFireAlarm','FengShuiVaastu...'WaterStorage','VisitorParking''FengShuiVaastuCompliant','SecurityF...NaN'SecurityFireAlarm','FengShuiVaastu...'PowerBack-up','IntercomFacility','Lift(s...'SecurityFireAlarm','PowerBack-up','Fe...NaN'CentrallyAirConditioned','Waterpurifier'...'FengShuiVaastuCompliant','Maintenance...'HighCeilingHeight','MaintenanceStaff','...'Lift(s)','WaterStorage','Park','Visitor...'SecurityFireAlarm','FengShuiVaastu...'FengShuiVaastuCompliant','Maintenance...'CentrallyAirConditioned','Waterpurifier'...Name:features,dtype:object"
manesar,"'Piped-gas','RainWaterHarvesting''SecurityFireAlarm','IntercomFacility',...'CentrallyAirConditioned','SecurityFire...'SecurityFireAlarm','FengShuiVaastu...'FengShuiVaastuCompliant','SecurityF...'PrivateGardenTerrace','WaterStorage''FengShuiVaastuCompliant','PrivateGard...'WaterStorage''Waterpurifier','SecurityFireAlarm','F...NaN'CentrallyAirConditioned','Waterpurifier'...'IntercomFacility','Lift(s)','Maintenance...'PowerBack-up','Lift(s)','SwimmingPool',...'VisitorParking''SecurityFireAlarm','PowerBack-up','Fe...NaN'PowerBack-up','FengShuiVaastuComplian...'FengShuiVaastuCompliant','PrivateGard...NaN'SecurityFireAlarm','PowerBack-up','In...'CentrallyAirConditioned','Waterpurifier'...'SecurityFireAlarm','Lift(s)','Maintena...'SecurityFireAlarm','FengShuiVaastu...NaN'FengShuiVaastuCompliant','SecurityF...NaN'FengShuiVaastuCompliant','PrivateGard...NaN'SecurityFireAlarm','FengShuiVaastu...'Lift(s)','Piped-gas','Internetwi-ficonne...'CentrallyAirConditioned','Waterpurifier'...Name:features,dtype:object"
new,"NaN'HighCeilingHeight','WaterStorage','Park...'SecurityFireAlarm','PowerBack-up','Fe...'SecurityFireAlarm','IntercomFacility',...Name:features,dtype:object"
new sector 2,"'SecurityFireAlarm','IntercomFacility',...'Lift(s)','Park','ShoppingCentre''SecurityFireAlarm','FengShuiVaastu...NaN'Lift(s)','SwimmingPool','NaturalLight',...Name:features,dtype:object"
sector 1,"'FengShuiVaastuCompliant','SecurityF...'IntercomFacility','Lift(s)','Maintenance...'SecurityFireAlarm','FengShuiVaastu...'PowerBack-up','Lift(s)','SwimmingPool',...'Lift(s)','CentrallyAirConditioned','High...'FengShuiVaastuCompliant','SecurityF...Name:features,dtype:object"
sector 102,"'VisitorParking'NaN'FengShuiVaastuCompliant','SecurityF...'IntercomFacility','Lift(s)','WaterStorag...NaN...'CentrallyAirConditioned','SecurityFire...'FengShuiVaastuCompliant','PrivateGard...'FengShuiVaastuCompliant','Maintenance...'SecurityFireAlarm','PowerBack-up','Fe...'FengShuiVaastuCompliant','PrivateGard...Name:features,Length:,dtype:object"
sector 103,"'SecurityFireAlarm','PowerBack-up','Fe...NaN'Waterpurifier','SecurityFireAlarm','F...'Waterpurifier','SecurityFireAlarm','P...'CentrallyAirConditioned','Waterpurifier'...NaN'IntercomFacility','Lift(s)','SwimmingPoo...'Internetwi-ficonnectivity'NaN'CentrallyAirConditioned','Waterpurifier'...NaN'WaterStorage''SecurityFireAlarm','FengShuiVaastu...'Waterpurifier','SecurityFireAlarm','P...NaN'FengShuiVaastuCompliant','SecurityF...'FengShuiVaastuCompliant','PrivateGard...NaN'FengShuiVaastuCompliant','IntercomFac...'SecurityFireAlarm','FengShuiVaastu...'Lift(s)','SwimmingPool','Park','Fitness...'Waterpurifier','CentrallyAirConditioned'...'FengShuiVaastuCompliant','Lift(s)','V...'FengShuiVaastuCompliant','IntercomFac...'FengShuiVaastuCompliant','Lift(s)','M...'SecurityFireAlarm','Lift(s)','Maintena...'FengShuiVaastuCompliant','SecurityF...NaN'FengShuiVaastuCompliant','PrivateGard...'Park','VisitorParking','LowDensitySocie...'SecurityFireAlarm','PowerBack-up','Li...NaN'FengShuiVaastuCompliant','SecurityF...'FengShuiVaastuCompliant','Maintenance...'FengShuiVaastuCompliant','SecurityF...'SecurityFireAlarm','FengShuiVaastu...NaN'SecurityFireAlarm','FengShuiVaastu...'SecurityFireAlarm','PowerBack-up','Fe...'FengShuiVaastuCompliant','HighCeiling...'SecurityFireAlarm','FengShuiVaastu...'SecurityFireAlarm','FengShuiVaastu...Name:features,dtype:object"
sector 104,"'CentrallyAirConditioned','Waterpurifier'...'SecurityFireAlarm','PowerBack-up','Fe...'Waterpurifier','SecurityFireAlarm','P...'Lift(s)','Park','Piped-gas'NaN...'VisitorParking','RainWaterHarvesting''Lift(s)','Park''Lift(s)','SwimmingPool','Park','Shopping...NaN'PowerBack-up','Lift(s)','SwimmingPool',...Name:features,Length:,dtype:object"
sector 105,"'FengShuiVaastuCompliant','Lift(s)','P...'FengShuiVaastuCompliant','Lift(s)','H...'SecurityFireAlarm','FengShuiVaastu...'PowerBack-up','IntercomFacility','Lift(s...NaN'SecurityFireAlarm','Lift(s)','WaterSt...'Waterpurifier','PowerBack-up','FengShui...NaN'CentrallyAirConditioned','Waterpurifier'...'SecurityFireAlarm','FengShuiVaastu...'SecurityFireAlarm','FengShuiVaastu...'CentrallyAirConditioned','Waterpurifier'...'PowerBack-up','SecurityFireAlarm','In...'FengShuiVaastuCompliant','IntercomFac...NaN'PowerBack-up','FengShuiVaastuComplian...'CentrallyAirConditioned','SecurityFire...'MaintenanceStaff','WaterStorage','Separa...'SecurityFireAlarm','FengShuiVaastu...'CentrallyAirConditioned','Waterpurifier'...Name:features,dtype:object"
sector 106,"'SecurityFireAlarm','FengShuiVaastu...'IntercomFacility','Lift(s)','SwimmingPoo...'FengShuiVaastuCompliant','SecurityF...'FengShuiVaastuCompliant','SecurityF...'WaterStorage','Park''Lift(s)','MaintenanceStaff','WaterStorag...'CentrallyAirConditioned','Waterpurifier'...NaN'FengShuiVaastuCompliant','PrivateGard...'SecurityFireAlarm','FengShuiVaastu...'Lift(s)','SwimmingPool','VisitorParking'...'SecurityFireAlarm','FengShuiVaastu...'SecurityFireAlarm','IntercomFacility',...NaN'PrivateGardenTerrace','MaintenanceStaf...'PowerBack-up','SecurityFireAlarm','In...'CentrallyAirConditioned','Waterpurifier'...NaNNaNNaN'FengShuiVaastuCompliant','SecurityF...NaN'SecurityFireAlarm','Lift(s)','Maintena...'SecurityFireAlarm','Lift(s)','Maintena...'SecurityFireAlarm','FengShuiVaastu...'SecurityFireAlarm','PowerBack-up','Fe...'SecurityFireAlarm','FengShuiVaastu...'SecurityFireAlarm','PowerBack-up','Pr...'SecurityFireAlarm','PowerBack-up','Fe...'Lift(s)','MaintenanceStaff','Park','Pipe...'FengShuiVaastuCompliant','PrivateGard...'FengShuiVaastuCompliant','SecurityF...'FengShuiVaastuCompliant','WaterStorag...'PowerBack-up','FengShuiVaastuComplian...'FengShuiVaastuCompliant','PrivateGard...NaN'SecurityFireAlarm','FengShuiVaastu...'MaintenanceStaff','WaterStorage','Visito...Name:features,dtype:object"
sector 107,"NaN'CentrallyAirConditioned','Waterpurifier'...'FengShuiVaastuCompliant','PrivateGard...'FengShuiVaastuCompliant','PrivateGard...'MaintenanceStaff','Park','VisitorParking''FengShuiVaastuCompliant','IntercomFac...NaN'FengShuiVaastuCompliant','IntercomFac...NaNNaN'SecurityFireAlarm','PrivateGardenTe...'CentrallyAirConditioned','Waterpurifier'...'FengShuiVaastuCompliant','SecurityF...NaNNaN'FengShuiVaastuCompliant','SecurityF...'FengShuiVaastuCompliant','PrivateGard...'FalseCeilingLighting','Park','LowDensit...NaN'CentrallyAirConditioned','SecurityFire...'SecurityFireAlarm','FengShuiVaastu...'Waterpurifier','CentrallyAirConditioned'...'Waterpurifier','SecurityFireAlarm','P...NaN'FengShuiVaastuCompliant','PrivateGard...'Lift(s)','MaintenanceStaff','VisitorPark...'FengShuiVaastuCompliant','PrivateGard...'SecurityFireAlarm','FengShuiVaastu...'CentrallyAirConditioned','Waterpurifier'...'SecurityFireAlarm','FengShuiVaastu...'PowerBack-up','IntercomFacility','Lift(s...'HighCeilingHeight','NaturalLight','Airy...'SecurityFireAlarm','IntercomFacility',...'Separateentryforservantroom','Noopend...'SecurityFireAlarm','IntercomFacility',...'Lift(s)','SwimmingPool','Park','Piped-ga...NaN'FengShuiVaastuCompliant','Maintenance...'SecurityFireAlarm','FengShuiVaastu...'SecurityFireAlarm','IntercomFacility',...'IntercomFacility','Lift(s)','Maintenance...'SecurityFireAlarm','FengShuiVaastu...'FengShuiVaastuCompliant','IntercomFac...'FengShuiVaastuCompliant','SecurityF...'FengShuiVaastuCompliant','PrivateGard...'SecurityFireAlarm','PowerBack-up','Fe...NaN'Waterpurifier','CentrallyAirConditioned'...'SecurityFireAlarm','PowerBack-up','Fe...'SecurityFireAlarm','IntercomFacility',...NaN'SecurityFireAlarm','FengShuiVaastu...'SecurityFireAlarm','Lift(s)','Maintena...'FengShuiVaastuCompliant','Maintenance...NaN'SecurityFireAlarm','FengShuiVaastu...'Waterpurifier','CentrallyAirConditioned'...'SecurityFireAlarm','IntercomFacility',...NaNName:features,dtype:object"
sector 108,"'SecurityFireAlarm','FengShuiVaastu...'SecurityFireAlarm','FengShuiVaastu...'PrivateGardenTerrace','HighCeilingHei...'Waterpurifier','CentrallyAirConditioned'...'IntercomFacility','Lift(s)','SwimmingPoo...'FengShuiVaastuCompliant','SecurityF...'SecurityFireAlarm','FengShuiVaastu...'FengShuiVaastuCompliant','SecurityF...'FengShuiVaastuCompliant','SecurityF...'CentrallyAirConditioned','Waterpurifier'...'FengShuiVaastuCompliant','SecurityF...'SecurityFireAlarm','FengShuiVaastu...'Waterpurifier','SecurityFireAlarm','P...'CentrallyAirConditioned','Waterpurifier'...'SecurityFireAlarm','FengShuiVaastu...'CentrallyAirConditioned','Waterpurifier'...NaNNaNNaN'SecurityFireAlarm','PrivateGardenTe...'FengShuiVaastuCompliant','HighCeiling...NaN'PrivateGardenTerrace','Noopendrainage...'CentrallyAirConditioned','Waterpurifier'...'VisitorParking''IntercomFacility','Lift(s)','Maintenance...'SecurityFireAlarm','PowerBack-up','Fe...'SecurityFireAlarm','Lift(s)','HighCei...NaN'WaterStorage','Park','VisitorParking','...'PowerBack-up','Lift(s)','HighCeilingHei...NaN'SecurityFireAlarm','PrivateGardenTe...'CentrallyAirConditioned','Waterpurifier'...'FengShuiVaastuCompliant','SecurityF...'Lift(s)','SwimmingPool','Park','Visitor...'FengShuiVaastuCompliant','SecurityF...NaNNaN'SecurityFireAlarm','FengShuiVaastu...'Lift(s)','MaintenanceStaff','WaterStorag...'Lift(s)','SwimmingPool','ClubhouseCom...'CentrallyAirConditioned','Waterpurifier'...NaN'Waterpurifier','SecurityFireAlarm','F...'CentrallyAirConditioned','SecurityFire...'SecurityFireAlarm','IntercomFacility',...NaNNaN'SecurityFireAlarm','MaintenanceStaff',...'SecurityFireAlarm','IntercomFacility',...'PowerBack-up','FengShuiVaastuComplian...'FengShuiVaastuCompliant','SecurityF...NaN'CentrallyAirConditioned','Waterpurifier'...'SecurityFireAlarm','IntercomFacility',...NaN'FengShuiVaastuCompliant','PrivateGard...Name:features,dtype:object"
sector 109,"'SecurityFireAlarm','PowerBack-up','Fe...'CentrallyAirConditioned','Waterpurifier'...'SecurityFireAlarm','PowerBack-up','Fe...NaN'FengShuiVaastuCompliant','HighCeiling......'PowerBack-up','IntercomFacility','Lift(s...NaN'SecurityFireAlarm','FengShuiVaastu...NaNNaNName:features,Length:,dtype:object"
sector 10a,"'IntercomFacility','Lift(s)','SwimmingPoo...'IntercomFacility','Lift(s)','HighCeiling...'PrivateGardenTerrace','MaintenanceStaf...'SecurityFireAlarm','FengShuiVaastu...NaN'CentrallyAirConditioned','Internetwi-fi...'IntercomFacility','Lift(s)','HighCeiling...Name:features,dtype:object"
sector 11,"'IntercomFacility','Lift(s)','Park''Waterpurifier','SecurityFireAlarm','F...NaN'SecurityFireAlarm','Lift(s)','Maintena...'FengShuiVaastuCompliant','IntercomFac...NaN'CentrallyAirConditioned','Waterpurifier'...'FengShuiVaastuCompliant','SecurityF...'SecurityFireAlarm','PowerBack-up','Fe...'SwimmingPool','SecurityPersonnel','Fitne...'SecurityFireAlarm','FengShuiVaastu...'SecurityFireAlarm','PowerBack-up','Fe...'WaterStorage','WasteDisposal''SecurityFireAlarm','FengShuiVaastu...'CentrallyAirConditioned','Waterpurifier'...'SecurityFireAlarm','Lift(s)','Maintena...Name:features,dtype:object"
sector 110,"'WaterStorage'NaN'SecurityFireAlarm','FengShuiVaastu...NaN'Lift(s)','MaintenanceStaff','SwimmingPoo...NaN'FengShuiVaastuCompliant','SecurityF...NaN'FengShuiVaastuCompliant','PrivateGard...'FengShuiVaastuCompliant','SecurityF...'SecurityFireAlarm','IntercomFacility',...'SecurityFireAlarm','PrivateGardenTe...'IntercomFacility','Lift(s)','Maintenance...'IntercomFacility','Lift(s)','Maintenance...'FengShuiVaastuCompliant','SecurityF...NaN'CentrallyAirConditioned','Waterpurifier'...'SecurityFireAlarm','Lift(s)','Maintena...NaN'FengShuiVaastuCompliant','SecurityF...'PowerBack-up','FengShuiVaastuComplian...'SecurityFireAlarm','IntercomFacility',...Name:features,dtype:object"
sector 111,"'SecurityFireAlarm','FengShuiVaastu...'FengShuiVaastuCompliant','SecurityF...NaN'MaintenanceStaff','WaterStorage','Park',...'PrivateGardenTerrace','WaterStorage',...'CentrallyAirConditioned','Waterpurifier'...NaN'CentrallyAirConditioned','Waterpurifier'...'FengShuiVaastuCompliant','PrivateGard...'SecurityFireAlarm','FengShuiVaastu...NaN'SecurityFireAlarm','FengShuiVaastu...NaN'FengShuiVaastuCompliant','Lift(s)','M...'PowerBack-up','FengShuiVaastuComplian...'SecurityFireAlarm','FengShuiVaastu...'PrivateGardenTerrace','MaintenanceStaf...'FengShuiVaastuCompliant','IntercomFac...'IntercomFacility','Lift(s)','SecurityF...'SecurityFireAlarm','FengShuiVaastu...'FengShuiVaastuCompliant','SecurityF...'SecurityFireAlarm','IntercomFacility',...Name:features,dtype:object"
sector 112,"'PrivateGardenTerrace','HighCeilingHei...'Lift(s)','WaterStorage','Park','Visitor...'FengShuiVaastuCompliant','Maintenance...'PowerBack-up','FengShuiVaastuComplian...'IntercomFacility','Lift(s)','Maintenance...'WaterStorage''FengShuiVaastuCompliant','SecurityF...'FengShuiVaastuCompliant','SecurityF...'CentrallyAirConditioned','Waterpurifier'...'SecurityFireAlarm','PowerBack-up','In...'SecurityFireAlarm','FengShuiVaastu...'CentrallyAirConditioned','Waterpurifier'...'FengShuiVaastuCompliant','PrivateGard...'CentrallyAirConditioned','SecurityFire...'FengShuiVaastuCompliant','PrivateGard...'CentrallyAirConditioned','Waterpurifier'...'FengShuiVaastuCompliant','SecurityF...'PrivateGardenTerrace','WaterStorage',...'SecurityFireAlarm','PowerBack-up','Fe...'SecurityFireAlarm','IntercomFacility',...'SecurityFireAlarm','FengShuiVaastu...NaNName:features,dtype:object"
sector 113,"NaN'PowerBack-up','IntercomFacility','Lift(s...'SecurityFireAlarm','PowerBack-up','Fe...'FengShuiVaastuCompliant','PrivateGard...'FengShuiVaastuCompliant','IntercomFac...'SecurityFireAlarm','FengShuiVaastu...'IntercomFacility','Lift(s)','HighCeiling...'PowerBack-up','FengShuiVaastuComplian...'FengShuiVaastuCompliant','SecurityF...'CentrallyAirConditioned','SecurityFire...NaN'FengShuiVaastuCompliant','SecurityF...'SecurityFireAlarm','IntercomFacility',...NaN'FengShuiVaastuCompliant','PrivateGard...NaN'Waterpurifier','CentrallyAirConditioned'...'SecurityFireAlarm','PowerBack-up','In...'CentrallyAirConditioned','Waterpurifier'...NaN'FengShuiVaastuCompliant','PrivateGard...'CentrallyAirConditioned','Waterpurifier'...'FengShuiVaastuCompliant','RainWaterH...'FengShuiVaastuCompliant','PrivateGard...'SecurityFireAlarm','PowerBack-up','Fe...NaNNaN'CentrallyAirConditioned','Waterpurifier'...'FengShuiVaastuCompliant','SecurityF...'MaintenanceStaff','Park','VisitorParking''FengShuiVaastuCompliant','IntercomFac...NaN'SecurityFireAlarm','IntercomFacility',...'Waterpurifier','CentrallyAirConditioned'...'PowerBack-up','Lift(s)','HighCeilingHei...NaN'CentrallyAirConditioned','Waterpurifier'...'IntercomFacility','Lift(s)','Maintenance...'PowerBack-up','IntercomFacility','Lift(s...'SecurityFireAlarm','FengShuiVaastu...NaN'CentrallyAirConditioned','Waterpurifier'...'IntercomFacility','Lift(s)','SwimmingPoo...Name:features,dtype:object"
sector 12,"NaN'SecurityFireAlarm','FengShuiVaastu...NaN'FengShuiVaastuCompliant','WaterStorag...'Lift(s)','SwimmingPool','Park','Clubhou...'PrivateGardenTerrace''PowerBack-up','IntercomFacility','Lift(s...NaN'Waterpurifier','CentrallyAirConditioned'...'SecurityFireAlarm','FengShuiVaastu...'FengShuiVaastuCompliant','PrivateGard...'FengShuiVaastuCompliant','SecurityF...NaNNaN'SecurityFireAlarm','PowerBack-up','Fe...NaNNaNNaN'PowerBack-up','IntercomFacility','Lift(s...'SecurityFireAlarm','FengShuiVaastu...NaN'CentrallyAirConditioned','Waterpurifier'...'FengShuiVaastuCompliant','SecurityF...'PowerBack-up','Lift(s)','MaintenanceStaf...'PrivateGardenTerrace','WaterStorage',...'Waterpurifier','SecurityFireAlarm','P...'CentrallyAirConditioned','Waterpurifier'...'CentrallyAirConditioned','Waterpurifier'...'SecurityFireAlarm','Waterpurifier','H...'FengShuiVaastuCompliant','PrivateGard...'SecurityFireAlarm','FengShuiVaastu...Name:features,dtype:object"
sector 13,"NaN'PrivateGardenTerrace','WaterStorage',...'PrivateGardenTerrace','WaterStorage',...'SecurityFireAlarm','FengShuiVaastu...NaN'FengShuiVaastuCompliant','IntercomFac...'WaterStorage','VisitorParking','WasteDi...'CentrallyAirConditioned','Waterpurifier'...NaNName:features,dtype:object"
sector 14,"'SecurityFireAlarm','PowerBack-up','Li...'Waterpurifier','CentrallyAirConditioned'...'SecurityFireAlarm','PowerBack-up','Fe...'FengShuiVaastuCompliant','PrivateGard...'SecurityFireAlarm','FengShuiVaastu...'FengShuiVaastuCompliant','IntercomFac...'Lift(s)','Park''SecurityFireAlarm','PowerBack-up','Fe...'FengShuiVaastuCompliant','SecurityF...'IntercomFacility','Lift(s)','Maintenance...NaN'PowerBack-up','FengShuiVaastuComplian...'FengShuiVaastuCompliant','PrivateGard...'SecurityFireAlarm','FengShuiVaastu...NaN'SecurityFireAlarm','Lift(s)','Maintena...'FengShuiVaastuCompliant','Maintenance...'SecurityFireAlarm','FengShuiVaastu...Name:features,dtype:object"
sector 15,"'SecurityFireAlarm','PowerBack-up','Li...'Park','ClubhouseCommunityCenter','Wat...'SecurityFireAlarm','PowerBack-up','Fe...'FengShuiVaastuCompliant','SecurityF...NaNNaNName:features,dtype:object"
sector 17,"'SecurityFireAlarm','PowerBack-up','Fe...'FengShuiVaastuCompliant','Maintenance...'Lift(s)','SwimmingPool','FitnessCentre...'SecurityFireAlarm','FengShuiVaastu...'PrivateGardenTerrace'NaNName:features,dtype:object"
sector 17a,"NaNName:features,dtype:object"
sector 17b,"'FengShuiVaastuCompliant','PrivateGard...'FengShuiVaastuCompliant','Lift(s)','S...'FengShuiVaastuCompliant','PrivateGard...Name:features,dtype:object"
sector 2,"'Waterpurifier','CentrallyAirConditioned'...'FengShuiVaastuCompliant','SecurityF...'Piped-gas','Internetwi-ficonnectivity''SwimmingPool','FitnessCentreGYM','Wat...NaN...'FengShuiVaastuCompliant','SecurityF...'NaturalLight''Waterpurifier','SecurityFireAlarm','P...'SecurityFireAlarm','FengShuiVaastu...'FengShuiVaastuCompliant','PrivateGard...Name:features,Length:,dtype:object"
sector 21,"'SecurityFireAlarm','FengShuiVaastu...'SecurityFireAlarm','FengShuiVaastu...'SecurityFireAlarm','PowerBack-up','Li...'WaterStorage','Park','VisitorParking','...NaNNaNName:features,dtype:object"
sector 22,"'FengShuiVaastuCompliant','SecurityF...'SecurityFireAlarm','FengShuiVaastu...'FengShuiVaastuCompliant','HighCeiling...'FengShuiVaastuCompliant','Lift(s)','S...'SecurityFireAlarm','FengShuiVaastu...'FengShuiVaastuCompliant','Park','Rain...NaN'SecurityFireAlarm','PowerBack-up','Fe...NaN'WaterStorage','Park','RainWaterHarvesti...'FengShuiVaastuCompliant','SecurityF...'CentrallyAirConditioned','Waterpurifier'...'FengShuiVaastuCompliant','PrivateGard...'PowerBack-up','SecurityFireAlarm','In...'FengShuiVaastuCompliant','Lift(s)','S...'MaintenanceStaff','WaterStorage','Visito...'Waterpurifier','SecurityFireAlarm','F...'SecurityFireAlarm','PowerBack-up','Fe...'CentrallyAirConditioned','Waterpurifier'...'PowerBack-up','FengShuiVaastuComplian...Name:features,dtype:object"
sector 23,"'PowerBack-up','Lift(s)','SwimmingPool',...'FengShuiVaastuCompliant','SecurityF...'IntercomFacility','Lift(s)','Park''SecurityFireAlarm','FengShuiVaastu...'FengShuiVaastuCompliant','PrivateGard...'SecurityFireAlarm','FengShuiVaastu...'PrivateGardenTerrace','MaintenanceStaf...'FengShuiVaastuCompliant','IntercomFac...NaN'PowerBack-up','IntercomFacility','Lift(s...'SecurityFireAlarm','Lift(s)','WaterSt...'FengShuiVaastuCompliant','SecurityF...NaNName:features,dtype:object"
sector 24,"'SecurityFireAlarm','PowerBack-up','In...'CentrallyAirConditioned','SecurityFire...NaN'Lift(s)','SwimmingPool','Park','Fitness...'CentrallyAirConditioned','Waterpurifier'...'FengShuiVaastuCompliant','SecurityF...'FengShuiVaastuCompliant','SecurityF...'SecurityFireAlarm','PowerBack-up','Fe...'SecurityFireAlarm','HighCeilingHeight...'SecurityFireAlarm','PowerBack-up','Fe...'FengShuiVaastuCompliant','SecurityF...'CentrallyAirConditioned','Waterpurifier'...NaN'Waterpurifier','SecurityFireAlarm','F...NaN'FengShuiVaastuCompliant','SecurityF...NaN'PowerBack-up','SecurityFireAlarm','In...'Lift(s)','SwimmingPool','Park','Fitness...NaNName:features,dtype:object"
sector 25,"'CentrallyAirConditioned','Waterpurifier'...'IntercomFacility','Lift(s)','HighCeiling...'SecurityFireAlarm','FengShuiVaastu...'PowerBack-up','FengShuiVaastuComplian...'CentrallyAirConditioned','Waterpurifier'...'SecurityFireAlarm','PrivateGardenTe...NaN'CentrallyAirConditioned','Waterpurifier'...NaNNaNNaN'PowerBack-up','Lift(s)','MaintenanceStaf...'SecurityFireAlarm','Lift(s)','Maintena...'FengShuiVaastuCompliant','VisitorPark...'SecurityFireAlarm','PowerBack-up','Fe...'SecurityFireAlarm','IntercomFacility',...'SecurityFireAlarm','FengShuiVaastu...'PowerBack-up','IntercomFacility','Lift(s...'SecurityFireAlarm','FengShuiVaastu...'SecurityFireAlarm','PowerBack-up','Fe...'FengShuiVaastuCompliant','SecurityF...'SecurityFireAlarm','PowerBack-up','Fe...'SecurityFireAlarm','FengShuiVaastu...NaN'FengShuiVaastuCompliant','PrivateGard...'Waterpurifier','SecurityFireAlarm','F...'CentrallyAirConditioned','Waterpurifier'...'FengShuiVaastuCompliant','PrivateGard...'SecurityFireAlarm','IntercomFacility',...NaN'Waterpurifier','CentrallyAirConditioned'...'SecurityFireAlarm','FengShuiVaastu...'SecurityFireAlarm','FengShuiVaastu...NaN'SecurityFireAlarm','PowerBack-up','Fe...'SecurityFireAlarm','FengShuiVaastu...'SecurityFireAlarm','PowerBack-up','Fe...Name:features,dtype:object"
sector 26,"'SecurityFireAlarm','FengShuiVaastu...'FengShuiVaastuCompliant','SecurityF...'FengShuiVaastuCompliant','PrivateGard...'SecurityFireAlarm','FengShuiVaastu...'SecurityFireAlarm','PowerBack-up','Fe...'SecurityFireAlarm','PowerBack-up','Fe...NaN'CentrallyAirConditioned','Waterpurifier'...'FengShuiVaastuCompliant','PrivateGard...'SecurityFireAlarm','FengShuiVaastu...'FengShuiVaastuCompliant','Lift(s)','H...NaN'SecurityFireAlarm','PrivateGardenTe...'IntercomFacility','MaintenanceStaff','Wa...NaNNaN'CentrallyAirConditioned','SecurityFire...'SecurityFireAlarm','Lift(s)','Swimming...NaN'Waterpurifier','SecurityFireAlarm','F...NaN'FengShuiVaastuCompliant','PrivateGard...NaN'IntercomFacility','Lift(s)','Maintenance...'SecurityFireAlarm','FengShuiVaastu...'IntercomFacility','Lift(s)','SwimmingPoo...NaN'SecurityFireAlarm','FengShuiVaastu...'FengShuiVaastuCompliant','Lift(s)','I...NaN'CentrallyAirConditioned','Waterpurifier'...'SecurityFireAlarm','FengShuiVaastu...'Waterpurifier','SecurityFireAlarm','P...'SecurityFireAlarm','FengShuiVaastu...'PrivateGardenTerrace','HighCeilingHei...NaNNaN'WaterStorage','Park','VisitorParking','...NaN'SecurityFireAlarm','IntercomFacility',...Name:features,dtype:object"
sector 27,"'Lift(s)','MaintenanceStaff','WaterStorag...'FengShuiVaastuCompliant','SecurityF...Name:features,dtype:object"
sector 28,"'SecurityFireAlarm','IntercomFacility',...NaN'PrivateGardenTerrace','WaterStorage',...'FengShuiVaastuCompliant','PrivateGard...'SecurityFireAlarm','PrivateGardenTe...'SecurityFireAlarm','FengShuiVaastu...'SecurityFireAlarm','FengShuiVaastu...'FengShuiVaastuCompliant','SecurityF...'SecurityFireAlarm','PowerBack-up','In...NaN'FengShuiVaastuCompliant','HighCeiling...'FengShuiVaastuCompliant','WaterStorag...'CentrallyAirConditioned','Waterpurifier'...'FengShuiVaastuCompliant','PrivateGard...'SecurityFireAlarm','PowerBack-up','Li...NaN'SecurityFireAlarm','Lift(s)','Waterpu...'FengShuiVaastuCompliant','PrivateGard...'SecurityFireAlarm','IntercomFacility',...'SecurityFireAlarm','IntercomFacility',...'FengShuiVaastuCompliant','SecurityF...NaN'SecurityFireAlarm','IntercomFacility',...'CentrallyAirConditioned','Waterpurifier'...'SecurityFireAlarm','IntercomFacility',...'PowerBack-up','FengShuiVaastuComplian...NaN'SecurityFireAlarm','FengShuiVaastu...'SecurityFireAlarm','Lift(s)','Maintena...'Lift(s)','Park','FitnessCentreGYM','C...NaN'CentrallyAirConditioned','Waterpurifier'...'SecurityFireAlarm','PowerBack-up','Fe...NaN'FengShuiVaastuCompliant','PrivateGard...'SecurityFireAlarm','IntercomFacility',...'PowerBack-up','FengShuiVaastuComplian...'SecurityFireAlarm','FengShuiVaastu...'IntercomFacility','Lift(s)','HighCeiling...Name:features,dtype:object"
sector 3,"NaN'FengShuiVaastuCompliant','SecurityF...NaN'FengShuiVaastuCompliant','SecurityF...'SecurityFireAlarm','FengShuiVaastu...NaN'FengShuiVaastuCompliant','PrivateGard...'SecurityFireAlarm','FengShuiVaastu...'SecurityFireAlarm','IntercomFacility',...'CentrallyAirConditioned','Waterpurifier'...'CentrallyAirConditioned','Waterpurifier'...NaN'PowerBack-up','FengShuiVaastuComplian...'FengShuiVaastuCompliant','SecurityF...'SecurityFireAlarm','Lift(s)','Swimming...'Lift(s)','SwimmingPool','Park','Shopping...'FengShuiVaastuCompliant','SecurityF...'FengShuiVaastuCompliant','PrivateGard...NaN'PowerBack-up','FengShuiVaastuComplian...'FengShuiVaastuCompliant','PrivateGard...'FengShuiVaastuCompliant','IntercomFac...'FengShuiVaastuCompliant','Lift(s)','P...'Waterpurifier','SecurityFireAlarm','P...Name:features,dtype:object"
sector 3 phase 2,"'PowerBack-up','IntercomFacility','Lift(s...'Lift(s)','SwimmingPool','Park','Shopping...'CentrallyAirConditioned','Waterpurifier'...'SecurityFireAlarm','Lift(s)','Maintena...'WaterStorage'NaNName:features,dtype:object"
sector 3 phase 3 extension,"NaN'SecurityFireAlarm','FengShuiVaastu...'Lift(s)','MaintenanceStaff','SwimmingPoo...'SecurityFireAlarm','PowerBack-up','Fe...'SecurityFireAlarm','PowerBack-up','Fe...'CentrallyAirConditioned','Waterpurifier'...'SecurityFireAlarm','FengShuiVaastu...'PowerBack-up','Lift(s)','SwimmingPool',...'IntercomFacility','Lift(s)','FalseCeilin...Name:features,dtype:object"
sector 30,"'FengShuiVaastuCompliant','IntercomFac...'SecurityFireAlarm','PowerBack-up','Fe...NaN'FengShuiVaastuCompliant','PrivateGard...NaNName:features,dtype:object"
sector 31,"'CentrallyAirConditioned','Waterpurifier'...'FengShuiVaastuCompliant','PrivateGard...'Lift(s)','HighCeilingHeight','Maintenanc...NaN'FengShuiVaastuCompliant','SecurityF...'SecurityFireAlarm','FengShuiVaastu...'SecurityFireAlarm','PowerBack-up','Fe...NaNNaNNaNName:features,dtype:object"
sector 33,"'SecurityFireAlarm','FengShuiVaastu...'SecurityFireAlarm','PowerBack-up','Li...'SecurityFireAlarm','IntercomFacility',...'IntercomFacility','Lift(s)','Maintenance...'SecurityFireAlarm','FengShuiVaastu......'FengShuiVaastuCompliant','PrivateGard...'FengShuiVaastuCompliant','IntercomFac...NaN'Waterpurifier','SecurityFireAlarm','P...NaNName:features,Length:,dtype:object"
sector 36,"'FengShuiVaastuCompliant','SecurityF...'PowerBack-up','Lift(s)','SwimmingPool',...'PowerBack-up','FengShuiVaastuComplian...'CentrallyAirConditioned','Waterpurifier'...'Noopendrainagearound','Piped-gas','Visi...'FengShuiVaastuCompliant','PrivateGard...'Lift(s)','MaintenanceStaff','Park','Visi...'FengShuiVaastuCompliant','PrivateGard...'FengShuiVaastuCompliant','IntercomFac...'SecurityFireAlarm','IntercomFacility',...NaNName:features,dtype:object"
sector 36a,"'SecurityFireAlarm','PowerBack-up','In...NaN'SecurityFireAlarm','FengShuiVaastu...'FengShuiVaastuCompliant','SecurityF...'PowerBack-up','IntercomFacility','Lift(s...'SecurityFireAlarm','PrivateGardenTe...'WaterStorage','Park','VisitorParking'NaN'PowerBack-up','FengShuiVaastuComplian...NaN'FengShuiVaastuCompliant','SecurityF...Name:features,dtype:object"
sector 37,"'FengShuiVaastuCompliant','SecurityF...Name:features,dtype:object"
sector 37c,"'PowerBack-up','FengShuiVaastuComplian...NaN'SecurityFireAlarm','PrivateGardenTe...'Lift(s)','SwimmingPool','Park','Fitness...'CentrallyAirConditioned','Waterpurifier'...'IntercomFacility','Lift(s)','SwimmingPoo...'Lift(s)','MaintenanceStaff','WaterStorag...'PowerBack-up','FengShuiVaastuComplian...NaN'FengShuiVaastuCompliant','SecurityF...'PowerBack-up','FengShuiVaastuComplian...'IntercomFacility','Lift(s)','Maintenance...NaN'SecurityFireAlarm','PowerBack-up','Fe...'SecurityFireAlarm','IntercomFacility',...NaN'FengShuiVaastuCompliant','SecurityF...NaN'CentrallyAirConditioned','Waterpurifier'...'VisitorParking''SecurityFireAlarm','IntercomFacility',...'PowerBack-up','SecurityFireAlarm','In...NaN'FengShuiVaastuCompliant','SecurityF...'SecurityFireAlarm','PowerBack-up','Fe...'PowerBack-up','FengShuiVaastuComplian...'FengShuiVaastuCompliant','SecurityF...'PowerBack-up','IntercomFacility','Lift(s...'FengShuiVaastuCompliant','Lift(s)','M...'CentrallyAirConditioned','Waterpurifier'...'SecurityFireAlarm','PowerBack-up','Fe...'PrivateGardenTerrace','HighCeilingHei...'Lift(s)','SwimmingPool','Park','Fitness...'SecurityFireAlarm','FengShuiVaastu...'PowerBack-up','FengShuiVaastuComplian...'PowerBack-up','FengShuiVaastuComplian...NaN'SecurityFireAlarm','PrivateGardenTe...'FengShuiVaastuCompliant','SecurityF...'PowerBack-up','IntercomFacility','Lift(s...'FengShuiVaastuCompliant','Lift(s)','M...NaN'SecurityFireAlarm','IntercomFacility',...'CentrallyAirConditioned','Waterpurifier'...'Waterpurifier','WasteDisposal''Lift(s)','Park','VisitorParking''CentrallyAirConditioned','Waterpurifier'...'Lift(s)','Park''CentrallyAirConditioned','SecurityFire...'FengShuiVaastuCompliant','IntercomFac...'CentrallyAirConditioned','SecurityFire...Name:features,dtype:object"
sector 37d,"'IntercomFacility','Lift(s)','SwimmingPoo...'Waterpurifier','SecurityFireAlarm','F...'Park','SpaciousInteriors''CentrallyAirConditioned','Waterpurifier'...NaN...'CentrallyAirConditioned','SecurityFire...'IntercomFacility','Lift(s)','Maintenance...NaNNaN'FengShuiVaastuCompliant','IntercomFac...Name:features,Length:,dtype:object"
sector 38,"'SecurityFireAlarm','IntercomFacility',...'Lift(s)','SwimmingPool','Park','Fitness...'CentrallyAirConditioned','Waterpurifier'...'FengShuiVaastuCompliant','SecurityF...'WaterStorage','Noopendrainagearound','...NaN'CentrallyAirConditioned','Waterpurifier'...NaN'PowerBack-up','FengShuiVaastuComplian...'Waterpurifier','CentrallyAirConditioned'...Name:features,dtype:object"
sector 39,"'Waterpurifier','CentrallyAirConditioned'...'SecurityFireAlarm','PowerBack-up','In...'FengShuiVaastuCompliant','PrivateGard...'VisitorParking''SecurityFireAlarm','FengShuiVaastu...'SecurityFireAlarm','FengShuiVaastu...'SecurityFireAlarm','IntercomFacility',...'SecurityFireAlarm','IntercomFacility',...'PowerBack-up','FengShuiVaastuComplian...'FengShuiVaastuCompliant','PrivateGard...'SecurityFireAlarm','FengShuiVaastu...Name:features,dtype:object"
sector 4,"'FengShuiVaastuCompliant','SecurityF...'CentrallyAirConditioned','Waterpurifier'...'CentrallyAirConditioned','Waterpurifier'...'FengShuiVaastuCompliant','SecurityF...'FengShuiVaastuCompliant','SecurityF...'VisitorParking''SecurityFireAlarm','FengShuiVaastu...'PowerBack-up','FengShuiVaastuComplian...NaN'SecurityFireAlarm','IntercomFacility',...NaN'FengShuiVaastuCompliant','PrivateGard...NaN'FengShuiVaastuCompliant','Park','Visi...'CentrallyAirConditioned','Waterpurifier'...'CentrallyAirConditioned','SecurityFire...'CentrallyAirConditioned','Waterpurifier'...'SecurityFireAlarm','FengShuiVaastu...NaN'PowerBack-up','FengShuiVaastuComplian...NaN'SecurityFireAlarm','FengShuiVaastu...'SecurityFireAlarm','FengShuiVaastu...'FengShuiVaastuCompliant','Maintenance...NaN'SecurityFireAlarm','Lift(s)','Maintena...'SecurityFireAlarm','IntercomFacility',...'FalseCeilingLighting','WaterStorage','N...'FengShuiVaastuCompliant','Maintenance...'SecurityFireAlarm','FengShuiVaastu...'FengShuiVaastuCompliant','Piped-gas''SecurityFireAlarm','FengShuiVaastu...'FengShuiVaastuCompliant','PrivateGard...'SecurityPersonnel','ShoppingCentre''SecurityFireAlarm','PowerBack-up','Li...'PowerBack-up','IntercomFacility','Lift(s...'SecurityFireAlarm','PowerBack-up','Fe...NaN'SecurityFireAlarm','FengShuiVaastu...'HighCeilingHeight','FalseCeilingLightin...'FengShuiVaastuCompliant','PrivateGard...'FengShuiVaastuCompliant','SecurityF...NaN'IntercomFacility','Lift(s)','SwimmingPoo...NaNName:features,dtype:object"
sector 40,"'Waterpurifier','CentrallyAirConditioned'...NaN'SecurityFireAlarm','FengShuiVaastu...'SecurityFireAlarm','IntercomFacility',...'SecurityFireAlarm','FengShuiVaastu...Name:features,dtype:object"
sector 41,"'SecurityFireAlarm','PowerBack-up','Fe...'Lift(s)','SwimmingPool','Park','Fitness...'FengShuiVaastuCompliant','IntercomFac...'SecurityFireAlarm','FengShuiVaastu...'PowerBack-up','IntercomFacility','Lift(s...'SecurityFireAlarm','Lift(s)','Swimming...'SecurityFireAlarm','FengShuiVaastu...'CentrallyAirConditioned','Waterpurifier'...'CentrallyAirConditioned','Waterpurifier'...'IntercomFacility','Lift(s)','Maintenance...'Lift(s)','MaintenanceStaff','SwimmingPoo...Name:features,dtype:object"
sector 43,"'PrivateGardenTerrace','Waterpurifier',...'SecurityFireAlarm','PowerBack-up','Fe...'Waterpurifier','CentrallyAirConditioned'...'SecurityFireAlarm','FengShuiVaastu...'FengShuiVaastuCompliant','IntercomFac...'IntercomFacility','Lift(s)','Waterpurifi...NaNNaNNaNNaN'PowerBack-up','Lift(s)','SwimmingPool',...NaN'FengShuiVaastuCompliant','SecurityF...'PowerBack-up','IntercomFacility','Lift(s...NaN'Park','VisitorParking','LowDensitySocie...'IntercomFacility','Lift(s)','Park''FengShuiVaastuCompliant','PrivateGard...'CentrallyAirConditioned','Waterpurifier'...'SecurityFireAlarm','FengShuiVaastu...'Waterpurifier','SecurityFireAlarm','F...'PowerBack-up','FengShuiVaastuComplian...NaN'SecurityFireAlarm','IntercomFacility',...'FengShuiVaastuCompliant','SecurityF...'FengShuiVaastuCompliant','IntercomFac...NaN'CentrallyAirConditioned','Waterpurifier'...'CentrallyAirConditioned','Waterpurifier'...'SecurityFireAlarm','PowerBack-up','Li...'PrivateGardenTerrace','HighCeilingHei...'CentrallyAirConditioned','Waterpurifier'...'Waterpurifier','CentrallyAirConditioned'...'PowerBack-up','IntercomFacility','Lift(s...'CentrallyAirConditioned','Waterpurifier'...'FengShuiVaastuCompliant','SecurityF...'PrivateGardenTerrace','MaintenanceStaf...'PrivateGardenTerrace','SwimmingPool',...NaN'WaterStorage','VisitorParking''CentrallyAirConditioned','Waterpurifier'...'PowerBack-up','IntercomFacility','Lift(s...'FengShuiVaastuCompliant','SecurityF...'PrivateGardenTerrace','WaterStorage',...'CentrallyAirConditioned','Waterpurifier'...'SecurityFireAlarm','PowerBack-up','In...'SecurityFireAlarm','IntercomFacility',...'Lift(s)','Park','RecentlyRenovated','Sec...'CentrallyAirConditioned','Waterpurifier'...'SecurityFireAlarm','FengShuiVaastu...'Lift(s)','HighCeilingHeight','FalseCeil...'IntercomFacility','Lift(s)','Maintenance...'SecurityFireAlarm','IntercomFacility',...'SecurityFireAlarm','FengShuiVaastu...'FengShuiVaastuCompliant','IntercomFac...'SwimmingPool','Separateentryforservant...'FengShuiVaastuCompliant','SecurityF...'SecurityFireAlarm','PowerBack-up','Fe...Name:features,dtype:object"
sector 45,"'SecurityFireAlarm','FengShuiVaastu...'IntercomFacility','Lift(s)','HighCeiling...'CentrallyAirConditioned','Waterpurifier'...'SecurityFireAlarm','PowerBack-up','Fe...'WaterStorage''Lift(s)','MaintenanceStaff','RecentlyRen...'MaintenanceStaff','WaterStorage','Visito...'FengShuiVaastuCompliant','IntercomFac...Name:features,dtype:object"
sector 46,"NaN'MaintenanceStaff','SwimmingPool','Park''WaterStorage','Park','VisitorParking'NaN'PrivateGardenTerrace','SwimmingPool',...'FengShuiVaastuCompliant','HighCeiling...'Lift(s)','FengShuiVaastuCompliant','P...'IntercomFacility','Lift(s)','SwimmingPoo...'SecurityFireAlarm','FengShuiVaastu...'MaintenanceStaff','WaterStorage','Visito...Name:features,dtype:object"
sector 47,"'SecurityFireAlarm','FengShuiVaastu...'IntercomFacility','Lift(s)','SwimmingPoo...'SecurityFireAlarm','IntercomFacility',...'Lift(s)','VisitorParking''SecurityFireAlarm','FengShuiVaastu...'FengShuiVaastuCompliant','PrivateGard...NaNNaN'IntercomFacility','Lift(s)','Maintenance...'FengShuiVaastuCompliant','SecurityF...'CentrallyAirConditioned','Waterpurifier'...'SecurityFireAlarm','PowerBack-up','Fe...'SecurityFireAlarm','FengShuiVaastu...'FengShuiVaastuCompliant','SecurityF...'PowerBack-up','Lift(s)','MaintenanceStaf...NaNName:features,dtype:object"
sector 48,"'PrivateGardenTerrace','MaintenanceStaf...'Lift(s)','Park','VisitorParking','Natura...'Waterpurifier','SecurityFireAlarm','P...'SecurityFireAlarm','PowerBack-up','Fe...NaN'FengShuiVaastuCompliant','HighCeiling...'FengShuiVaastuCompliant','PrivateGard...'FengShuiVaastuCompliant','Maintenance...'FengShuiVaastuCompliant','SecurityF...'FengShuiVaastuCompliant','Lift(s)','P...'CentrallyAirConditioned','Waterpurifier'...'SecurityFireAlarm','PowerBack-up','Fe...'FengShuiVaastuCompliant','HighCeiling...NaN'CentrallyAirConditioned','Waterpurifier'...'CentrallyAirConditioned','Waterpurifier'...'IntercomFacility','Lift(s)','Park''PowerBack-up','Lift(s)','MaintenanceStaf...NaN'FengShuiVaastuCompliant','SecurityF...'SecurityFireAlarm','IntercomFacility',...'FengShuiVaastuCompliant','SecurityF...'PrivateGardenTerrace''FengShuiVaastuCompliant','Piped-gas',...'SecurityFireAlarm','IntercomFacility',...'CentrallyAirConditioned','Waterpurifier'...'SecurityFireAlarm','FengShuiVaastu...'IntercomFacility','Lift(s)','Park'NaN'IntercomFacility','Lift(s)','SwimmingPoo...'SecurityFireAlarm','PowerBack-up','Pr...'SecurityFireAlarm','IntercomFacility',...'SecurityFireAlarm','FengShuiVaastu...'SecurityFireAlarm','IntercomFacility',...'CentrallyAirConditioned','Waterpurifier'...'PowerBack-up','IntercomFacility','Lift(s...'CentrallyAirConditioned','Waterpurifier'...'Waterpurifier','SecurityFireAlarm','P...'SecurityFireAlarm','PrivateGardenTe...NaN'CentrallyAirConditioned','Waterpurifier'...'IntercomFacility','Lift(s)','SwimmingPoo...'Waterpurifier','SecurityFireAlarm','F...'CentrallyAirConditioned','Waterpurifier'...'SecurityFireAlarm','IntercomFacility',...'IntercomFacility','Lift(s)','Maintenance...NaN'SecurityFireAlarm','FengShuiVaastu...'Lift(s)','MaintenanceStaff','Park','Visi...'FengShuiVaastuCompliant','SecurityF...'PowerBack-up','IntercomFacility','Lift(s...NaN'SecurityFireAlarm','PowerBack-up','Fe...'FengShuiVaastuCompliant','PrivateGard...'SecurityFireAlarm','IntercomFacility',...Name:features,dtype:object"
sector 49,"'PowerBack-up','IntercomFacility','Lift(s...'FengShuiVaastuCompliant','SecurityF...'FengShuiVaastuCompliant','IntercomFac...'FengShuiVaastuCompliant','PrivateGard...'SecurityFireAlarm','FengShuiVaastu...'FengShuiVaastuCompliant','SecurityF...'SecurityFireAlarm','FengShuiVaastu...'IntercomFacility','Lift(s)','Park','Visi...'FengShuiVaastuCompliant','IntercomFac...'FengShuiVaastuCompliant','SecurityF...'SecurityFireAlarm','PowerBack-up','Fe...'CentrallyAirConditioned','Waterpurifier'...'FengShuiVaastuCompliant','FalseCeilin...'SwimmingPool','FitnessCentreGYM'NaN'PowerBack-up','FengShuiVaastuComplian...'PowerBack-up','IntercomFacility','Lift(s...'FengShuiVaastuCompliant','PrivateGard...'SecurityFireAlarm','PowerBack-up','Fe...'SecurityFireAlarm','Lift(s)','Maintena...'SecurityFireAlarm','FengShuiVaastu...'SecurityFireAlarm','PowerBack-up','Fe...'FengShuiVaastuCompliant','HighCeiling...'FengShuiVaastuCompliant','SecurityF...'Waterpurifier','SecurityFireAlarm','P...'SecurityFireAlarm','IntercomFacility',...'PrivateGardenTerrace','Park','Visitor...'SecurityFireAlarm','FengShuiVaastu...'SecurityFireAlarm','Lift(s)','Maintena...'SecurityFireAlarm','IntercomFacility',...'FengShuiVaastuCompliant','PrivateGard...'MaintenanceStaff','WaterStorage','Visito...'Waterpurifier','SecurityFireAlarm','P...'IntercomFacility','Lift(s)','Maintenance...'SecurityFireAlarm','IntercomFacility',...'FengShuiVaastuCompliant','CentrallyAi...'SecurityFireAlarm','Lift(s)','Maintena...'SecurityFireAlarm','FengShuiVaastu...'SecurityFireAlarm','Lift(s)','Maintena...'SecurityFireAlarm','FengShuiVaastu...'IntercomFacility','Lift(s)','Maintenance...'Lift(s)','SwimmingPool','Park','Visitor...'FengShuiVaastuCompliant','PrivateGard...'PrivateGardenTerrace','HighCeilingHei...'HighCeilingHeight','FalseCeilingLightin...Name:features,dtype:object"
sector 5,"'SecurityFireAlarm','FengShuiVaastu...'Waterpurifier','CentrallyAirConditioned'...'SecurityFireAlarm','PrivateGardenTe...'SecurityFireAlarm','FengShuiVaastu...'WaterStorage''MaintenanceStaff'Name:features,dtype:object"
sector 50,"'PowerBack-up','PrivateGardenTerrace',...'FengShuiVaastuCompliant','SecurityF...NaN'Piped-gas','NaturalLight'NaN...NaN'PowerBack-up','FengShuiVaastuComplian...'MaintenanceStaff','WaterStorage','Visito...'CentrallyAirConditioned','Waterpurifier'...'FengShuiVaastuCompliant','SecurityF...Name:features,Length:,dtype:object"
sector 51,"NaNNaNNaN'CentrallyAirConditioned','Waterpurifier'...'SecurityFireAlarm','PowerBack-up','Pr...'SecurityFireAlarm','FengShuiVaastu...'Lift(s)','Park'Name:features,dtype:object"
sector 52,"'FengShuiVaastuCompliant','PrivateGard...'PowerBack-up','FengShuiVaastuComplian...'PrivateGardenTerrace','Waterpurifier',...'Waterpurifier','SecurityFireAlarm','F...NaN'Lift(s)','CentrallyAirConditioned','Main...'SecurityFireAlarm','Lift(s)','Maintena...NaNNaN'CentrallyAirConditioned','Waterpurifier'...NaN'FengShuiVaastuCompliant','IntercomFac...'IntercomFacility','Lift(s)','SwimmingPoo...'FengShuiVaastuCompliant','SecurityF...Name:features,dtype:object"
sector 53,"'CentrallyAirConditioned','Waterpurifier'...'SecurityFireAlarm','FengShuiVaastu...'CentrallyAirConditioned','Waterpurifier'...'PrivateGardenTerrace','WaterStorage',...'IntercomFacility','Lift(s)','SwimmingPoo...'SecurityFireAlarm','FengShuiVaastu...'SecurityFireAlarm','PowerBack-up','Fe...'SecurityFireAlarm','PowerBack-up','Fe...'SecurityFireAlarm','Lift(s)','Maintena...NaNNaN'FengShuiVaastuCompliant','SecurityF...'FengShuiVaastuCompliant','PrivateGard...'FengShuiVaastuCompliant','SecurityF...Name:features,dtype:object"
sector 54,"'PowerBack-up','IntercomFacility','Lift(s...'FengShuiVaastuCompliant','SecurityF...'FengShuiVaastuCompliant','SecurityF...NaN'SecurityFireAlarm','FengShuiVaastu...'FengShuiVaastuCompliant','Maintenance...'PowerBack-up','MaintenanceStaff','Water...'SecurityFireAlarm','PowerBack-up','Li...'CentrallyAirConditioned','Waterpurifier'...'FengShuiVaastuCompliant','SecurityF...NaN'FengShuiVaastuCompliant','IntercomFac...'FengShuiVaastuCompliant','PrivateGard...'Waterpurifier','SecurityFireAlarm','F...'WaterStorage''FengShuiVaastuCompliant','SecurityF...'FengShuiVaastuCompliant','PrivateGard...'PowerBack-up','Lift(s)','HighCeilingHei...'SecurityFireAlarm','IntercomFacility',...'Lift(s)','HighCeilingHeight','Maintenanc...'PowerBack-up','FengShuiVaastuComplian...'IntercomFacility','Lift(s)','Maintenance...'CentrallyAirConditioned','Waterpurifier'...'SecurityFireAlarm','IntercomFacility',...'FengShuiVaastuCompliant','SecurityF...'PrivateGardenTerrace','MaintenanceStaf...Name:features,dtype:object"
sector 55,"'FengShuiVaastuCompliant','PrivateGard...'SecurityFireAlarm','FengShuiVaastu...'FengShuiVaastuCompliant','SecurityF...'SecurityFireAlarm','IntercomFacility',...'PowerBack-up','IntercomFacility','Lift(s...NaN'FengShuiVaastuCompliant','SecurityF...'FengShuiVaastuCompliant','SecurityF...'Lift(s)'NaNName:features,dtype:object"
sector 56,"'SecurityFireAlarm','Lift(s)','Maintena...'FengShuiVaastuCompliant','SecurityF...'PowerBack-up','IntercomFacility','Lift(s...'FengShuiVaastuCompliant','SecurityF...'CentrallyAirConditioned','Waterpurifier'...'SecurityFireAlarm','PowerBack-up','In...'FengShuiVaastuCompliant','SecurityF...'FengShuiVaastuCompliant','Park','Visi...NaNNaN'SecurityFireAlarm','IntercomFacility',...'CentrallyAirConditioned','Waterpurifier'...'SecurityFireAlarm','FengShuiVaastu...'IntercomFacility','Lift(s)','Maintenance...NaN'FengShuiVaastuCompliant','SecurityF...'SecurityFireAlarm','PowerBack-up','Fe...'FengShuiVaastuCompliant','SecurityF...'SecurityFireAlarm','FengShuiVaastu...'PowerBack-up','FengShuiVaastuComplian...'FengShuiVaastuCompliant','SecurityF...'SecurityFireAlarm','FengShuiVaastu...'VisitorParking','WasteDisposal'NaNNaNNaN'SecurityFireAlarm','FengShuiVaastu...'IntercomFacility','Lift(s)','Park''CentrallyAirConditioned','Waterpurifier'...NaN'SecurityFireAlarm','FengShuiVaastu...'CentrallyAirConditioned','Waterpurifier'...'SecurityFireAlarm','FengShuiVaastu...'SecurityFireAlarm','IntercomFacility',...'FengShuiVaastuCompliant','Maintenance...NaNNaN'PrivateGardenTerrace','HighCeilingHei...NaN'Lift(s)','MaintenanceStaff','Park''CentrallyAirConditioned','Waterpurifier'...'FengShuiVaastuCompliant','SecurityF...NaN'FengShuiVaastuCompliant','PrivateGard...'Lift(s)','Park','MaintenanceStaff','Visi...'SecurityFireAlarm','IntercomFacility',...'Lift(s)','MaintenanceStaff','WaterStorag...'SecurityFireAlarm','IntercomFacility',...'PrivateGardenTerrace''SecurityFireAlarm','Lift(s)','Maintena...'PowerBack-up','FengShuiVaastuComplian...'FengShuiVaastuCompliant','SecurityF...'FengShuiVaastuCompliant','SecurityF...Name:features,dtype:object"
sector 57,"'FengShuiVaastuCompliant','PrivateGard...'FengShuiVaastuCompliant','SecurityF...'SecurityFireAlarm','PowerBack-up','Li...NaN'FengShuiVaastuCompliant','PrivateGard...NaN'IntercomFacility','Lift(s)','SwimmingPoo...'FengShuiVaastuCompliant','PrivateGard...'SecurityFireAlarm','PrivateGardenTe...'CentrallyAirConditioned','Waterpurifier'...'SecurityFireAlarm','IntercomFacility',...'SecurityFireAlarm','PrivateGardenTe...'PrivateGardenTerrace','Park','WasteDi...'CentrallyAirConditioned','Waterpurifier'...'SecurityFireAlarm','PowerBack-up','Fe...NaNNaN'CentrallyAirConditioned','Waterpurifier'...'FengShuiVaastuCompliant','IntercomFac...'CentrallyAirConditioned','Waterpurifier'...NaN'Lift(s)','Park','ShoppingCentre''Lift(s)','SwimmingPool','Park'Name:features,dtype:object"
sector 58,"NaN'SecurityFireAlarm','PrivateGardenTe...'Lift(s)','HighCeilingHeight','Maintenanc...NaN'PowerBack-up','Lift(s)','SwimmingPool',...'SecurityFireAlarm','FengShuiVaastu...Name:features,dtype:object"
sector 59,"'SecurityFireAlarm','FengShuiVaastu...'FengShuiVaastuCompliant','SecurityF...'SecurityFireAlarm','IntercomFacility',...'SecurityFireAlarm','IntercomFacility',...'CentrallyAirConditioned','Waterpurifier'...NaN'IntercomFacility','Lift(s)','SwimmingPoo...'SecurityFireAlarm','Lift(s)','Maintena...Name:features,dtype:object"
sector 6,"NaN'CentrallyAirConditioned','Waterpurifier'...'CentrallyAirConditioned','Waterpurifier'...'SecurityFireAlarm','IntercomFacility',...'PrivateGardenTerrace','HighCeilingHei...'CentrallyAirConditioned','Waterpurifier'...'SecurityFireAlarm','PrivateGardenTe...NaN'PowerBack-up','IntercomFacility','Lift(s...'FengShuiVaastuCompliant','PrivateGard...'Lift(s)','MaintenanceStaff','WaterStorag...Name:features,dtype:object"
sector 60,"'SecurityFireAlarm','FengShuiVaastu...'SecurityFireAlarm','PowerBack-up','Fe...'CentrallyAirConditioned','Waterpurifier'...NaN'PrivateGardenTerrace','MaintenanceStaf...'CentrallyAirConditioned','Waterpurifier'...'HighCeilingHeight','MaintenanceStaff','...'CentrallyAirConditioned','Waterpurifier'...'FengShuiVaastuCompliant','PrivateGard...NaN'CentrallyAirConditioned','Waterpurifier'...'PrivateGardenTerrace','HighCeilingHei...'CentrallyAirConditioned','Waterpurifier'...'FengShuiVaastuCompliant','Maintenance...NaNName:features,dtype:object"
sector 61,"'SecurityFireAlarm','FengShuiVaastu...'SecurityFireAlarm','PowerBack-up','Fe...'FengShuiVaastuCompliant','SecurityF...'SecurityFireAlarm','FengShuiVaastu...'SecurityFireAlarm','FengShuiVaastu...'CentrallyAirConditioned','Waterpurifier'...'SecurityFireAlarm','PowerBack-up','Fe...'CentrallyAirConditioned','Waterpurifier'...'SecurityFireAlarm','FengShuiVaastu...'CentrallyAirConditioned','Waterpurifier'...'FengShuiVaastuCompliant','IntercomFac...'PowerBack-up','SecurityFireAlarm','In...'CentrallyAirConditioned','Waterpurifier'...'WaterStorage''SecurityFireAlarm','FengShuiVaastu...'FengShuiVaastuCompliant','SecurityF...'Waterpurifier','CentrallyAirConditioned'...NaN'SecurityFireAlarm','PowerBack-up','Fe...'PowerBack-up','IntercomFacility','Lift(s...'CentrallyAirConditioned','Waterpurifier'...'SecurityFireAlarm','PowerBack-up','Fe...'MaintenanceStaff','WaterStorage','Visito...'PowerBack-up','IntercomFacility','Lift(s...'SecurityFireAlarm','FengShuiVaastu...NaN'SecurityFireAlarm','IntercomFacility',...NaN'CentrallyAirConditioned','Waterpurifier'...'SecurityFireAlarm','FengShuiVaastu...NaN'FengShuiVaastuCompliant','SecurityF...'SecurityFireAlarm','FengShuiVaastu...'PowerBack-up','Lift(s)','Park','Piped-gas''FengShuiVaastuCompliant','SecurityF...'CentrallyAirConditioned','Waterpurifier'...NaNNaN'Lift(s)','HighCeilingHeight','Maintenanc...NaN'IntercomFacility','Lift(s)','SwimmingPoo...Name:features,dtype:object"
sector 62,"'FengShuiVaastuCompliant','SecurityF...'Lift(s)','SwimmingPool','Park','Fitness...'SecurityFireAlarm','FengShuiVaastu...'FengShuiVaastuCompliant','SecurityF...'PowerBack-up','FengShuiVaastuComplian...NaN'SecurityFireAlarm','FengShuiVaastu...'FengShuiVaastuCompliant','SecurityF...'IntercomFacility','Lift(s)','HighCeiling...'FengShuiVaastuCompliant','SecurityF...'PowerBack-up','FengShuiVaastuComplian...NaNNaN'IntercomFacility','Lift(s)','Maintenance...'PrivateGardenTerrace''Lift(s)','SwimmingPool','Park','Fitness...Name:features,dtype:object"
sector 63,"'Waterpurifier','PowerBack-up','FengShui...'SecurityFireAlarm','FengShuiVaastu...'FengShuiVaastuCompliant','IntercomFac...'CentrallyAirConditioned','Waterpurifier'...'SecurityFireAlarm','FengShuiVaastu...'SecurityFireAlarm','FengShuiVaastu...'IntercomFacility','Lift(s)','Maintenance...'WaterStorage','Park','WasteDisposal''SecurityFireAlarm','PowerBack-up','Fe...'SecurityFireAlarm','Lift(s)','Maintena...'SecurityFireAlarm','FengShuiVaastu...NaN'FengShuiVaastuCompliant','SecurityF...'FengShuiVaastuCompliant','IntercomFac...Name:features,dtype:object"
sector 63a,"'Piped-gas''Lift(s)','MaintenanceStaff','Separateent...'FengShuiVaastuCompliant','PrivateGard...NaN'SecurityFireAlarm','PowerBack-up','Fe...'CentrallyAirConditioned','Waterpurifier'...NaNNaN'PowerBack-up','IntercomFacility','Lift(s...'SecurityFireAlarm','FengShuiVaastu...NaN'Lift(s)','MaintenanceStaff','SwimmingPoo...'Park','FitnessCentreGYM''FengShuiVaastuCompliant','SecurityF...'FengShuiVaastuCompliant','IntercomFac...Name:features,dtype:object"
sector 65,"'IntercomFacility','Lift(s)','Maintenance...'FengShuiVaastuCompliant','SecurityF...'FengShuiVaastuCompliant','PrivateGard...'SecurityFireAlarm','FengShuiVaastu...'CentrallyAirConditioned','Waterpurifier'......'SecurityFireAlarm','IntercomFacility',...'SecurityFireAlarm','PowerBack-up','Fe...'FengShuiVaastuCompliant','SecurityF...NaN'SecurityFireAlarm','FengShuiVaastu...Name:features,Length:,dtype:object"
sector 66,"'CentrallyAirConditioned','Waterpurifier'...'WasteDisposal''Park','VisitorParking''SecurityFireAlarm','FengShuiVaastu...'SecurityFireAlarm','PowerBack-up','In...'HighCeilingHeight','FalseCeilingLightin...'FengShuiVaastuCompliant','PrivateGard...'IntercomFacility','Lift(s)','WaterStorage''FengShuiVaastuCompliant','SecurityF...'CentrallyAirConditioned','Waterpurifier'...'SecurityFireAlarm','FengShuiVaastu...'SecurityFireAlarm','PowerBack-up','Fe...NaN'SecurityFireAlarm','FengShuiVaastu...'SecurityFireAlarm','FengShuiVaastu...'SecurityFireAlarm','FengShuiVaastu...'SecurityFireAlarm','FengShuiVaastu...'SecurityFireAlarm','FengShuiVaastu...'IntercomFacility','Lift(s)','Park''FengShuiVaastuCompliant','SecurityF...NaN'SecurityFireAlarm','IntercomFacility',...'FengShuiVaastuCompliant','SecurityF...'WaterStorage''FengShuiVaastuCompliant','SecurityF...'Lift(s)','Park','Piped-gas','SecurityPer...'FengShuiVaastuCompliant','PrivateGard...'CentrallyAirConditioned','Waterpurifier'...NaN'FengShuiVaastuCompliant','CentrallyAi...'PowerBack-up','IntercomFacility','Lift(s...'SecurityFireAlarm','PrivateGardenTe...'SecurityFireAlarm','FengShuiVaastu...'FengShuiVaastuCompliant','SecurityF...'SecurityFireAlarm','Lift(s)','Maintena...'SecurityFireAlarm','FengShuiVaastu...NaNNaN'Lift(s)','SwimmingPool','FitnessCentre...'FengShuiVaastuCompliant','SecurityF...'VisitorParking'Name:features,dtype:object"
sector 67,"'FengShuiVaastuCompliant','SecurityF...'CentrallyAirConditioned','Waterpurifier'...'PowerBack-up','IntercomFacility','Lift(s...'FengShuiVaastuCompliant','SecurityF...'Park'NaN'SecurityFireAlarm','FengShuiVaastu...'IntercomFacility','Lift(s)','HighCeiling...'SecurityFireAlarm','FengShuiVaastu...NaN'MaintenanceStaff','WaterStorage','Separa...'SecurityFireAlarm','FengShuiVaastu...'SecurityFireAlarm','FengShuiVaastu...'SecurityFireAlarm','FengShuiVaastu...NaN'SecurityFireAlarm','IntercomFacility',...'SecurityFireAlarm','FengShuiVaastu...'FengShuiVaastuCompliant','SecurityF...'FengShuiVaastuCompliant','SecurityF...'MaintenanceStaff','WaterStorage','Park',...NaN'FengShuiVaastuCompliant','SecurityF...'FengShuiVaastuCompliant','SecurityF...'FengShuiVaastuCompliant','Maintenance...'IntercomFacility','Lift(s)','Park','Shop...'SecurityFireAlarm','FengShuiVaastu...'SecurityFireAlarm','FengShuiVaastu...NaNNaN'FengShuiVaastuCompliant','SecurityF...'FengShuiVaastuCompliant','SecurityF...'FengShuiVaastuCompliant','IntercomFac...NaN'SecurityFireAlarm','FengShuiVaastu...'SecurityFireAlarm','FengShuiVaastu...'FengShuiVaastuCompliant','Maintenance...'Waterpurifier','CentrallyAirConditioned'...'CentrallyAirConditioned','Waterpurifier'...'SecurityFireAlarm','FengShuiVaastu...'Lift(s)','SwimmingPool','Park','Shopping...'Noopendrainagearound','VisitorParking',...'IntercomFacility','Lift(s)','Maintenance...'CentrallyAirConditioned','Waterpurifier'...'BankAttachedProperty','Internetwi-ficon...'IntercomFacility','Lift(s)','Maintenance...'SecurityFireAlarm','FengShuiVaastu...'FengShuiVaastuCompliant','SecurityF...Name:features,dtype:object"
sector 67a,"'FengShuiVaastuCompliant','SecurityF...'SecurityFireAlarm','Lift(s)','Maintena...'FengShuiVaastuCompliant','SecurityF...'FengShuiVaastuCompliant','SecurityF...'FengShuiVaastuCompliant','SecurityF...'SecurityFireAlarm','FengShuiVaastu...'SecurityFireAlarm','PowerBack-up','In...'SecurityFireAlarm','FengShuiVaastu...'FengShuiVaastuCompliant','Park','Visi...'SecurityFireAlarm','FengShuiVaastu...'IntercomFacility','Lift(s)','SwimmingPoo...'CentrallyAirConditioned','Waterpurifier'...'SecurityFireAlarm','IntercomFacility',...'SecurityFireAlarm','IntercomFacility',...'PowerBack-up','FengShuiVaastuComplian...NaNNaN'CentrallyAirConditioned','Waterpurifier'...'IntercomFacility','Lift(s)','Maintenance...'FengShuiVaastuCompliant','IntercomFac...'CentrallyAirConditioned','Waterpurifier'...Name:features,dtype:object"
sector 68,"'CentrallyAirConditioned','SecurityFire...'SecurityFireAlarm','PowerBack-up','Fe...'PowerBack-up','FengShuiVaastuComplian...'SecurityFireAlarm','FengShuiVaastu...'FengShuiVaastuCompliant','Lift(s)','H...'CentrallyAirConditioned','Waterpurifier'...NaN'Waterpurifier','CentrallyAirConditioned'...'CentrallyAirConditioned','SecurityFire...'FengShuiVaastuCompliant','SecurityF...'PowerBack-up','FengShuiVaastuComplian...'PowerBack-up','Lift(s)','SwimmingPool',...'RecentlyRenovated'NaN'FengShuiVaastuCompliant','SecurityF...NaNNaN'FengShuiVaastuCompliant','SecurityF...'Lift(s)','Park','MaintenanceStaff','Visi...'FengShuiVaastuCompliant','PrivateGard...'FengShuiVaastuCompliant','SecurityF...NaN'SecurityFireAlarm','PowerBack-up','Fe...NaN'FengShuiVaastuCompliant','PrivateGard...'SecurityFireAlarm','MaintenanceStaff',...NaN'IntercomFacility','Lift(s)','SwimmingPoo...'FengShuiVaastuCompliant','SecurityF...'CentrallyAirConditioned','Waterpurifier'...Name:features,dtype:object"
sector 69,"'FengShuiVaastuCompliant','SecurityF...NaN'FengShuiVaastuCompliant','SecurityF...'FengShuiVaastuCompliant','SecurityF...'PowerBack-up','FengShuiVaastuComplian......'SecurityFireAlarm','PowerBack-up','Pr...'SecurityFireAlarm','FengShuiVaastu...'PowerBack-up','FengShuiVaastuComplian...'FengShuiVaastuCompliant','SecurityF...'IntercomFacility','Lift(s)','HighCeiling...Name:features,Length:,dtype:object"
sector 7,"'WaterStorage','Park''Waterpurifier','SecurityFireAlarm','P...'SwimmingPool','FitnessCentreGYM''SecurityFireAlarm','FengShuiVaastu...'PrivateGardenTerrace','HighCeilingHei...'CentrallyAirConditioned','Waterpurifier'...NaN'FengShuiVaastuCompliant','SecurityF...'SecurityFireAlarm','FengShuiVaastu...'CentrallyAirConditioned','Waterpurifier'...NaN'CentrallyAirConditioned','Waterpurifier'...'IntercomFacility','Lift(s)','Maintenance...'PowerBack-up','Lift(s)','MaintenanceStaf...NaNNaN'PowerBack-up','IntercomFacility','Lift(s...'PowerBack-up','SecurityFireAlarm','Li...'FengShuiVaastuCompliant','SecurityF...'PowerBack-up','IntercomFacility','Lift(s...'FengShuiVaastuCompliant','SecurityF...'SecurityFireAlarm','FengShuiVaastu...NaN'Waterpurifier','CentrallyAirConditioned'...NaN'SecurityFireAlarm','IntercomFacility',...'SecurityFireAlarm','PowerBack-up','In...'PowerBack-up','IntercomFacility','Lift(s...'PowerBack-up','IntercomFacility','Lift(s...'Lift(s)','MaintenanceStaff','Park'NaN'SecurityFireAlarm','PowerBack-up','Fe...'SecurityFireAlarm','PowerBack-up','Fe...'SecurityFireAlarm','PowerBack-up','Fe...'FengShuiVaastuCompliant','SecurityF...Name:features,dtype:object"
sector 70,"'PrivateGardenTerrace','WaterStorage',...'MaintenanceStaff','FalseCeilingLighting'...'PowerBack-up','FengShuiVaastuComplian...'CentrallyAirConditioned','Waterpurifier'...'FengShuiVaastuCompliant','SecurityF...'Lift(s)','Park','MaintenanceStaff','Visi...'FengShuiVaastuCompliant','Lift(s)','H...'SecurityFireAlarm','PowerBack-up','Fe...'SecurityFireAlarm','FengShuiVaastu...'SecurityFireAlarm','MaintenanceStaff',...'SecurityFireAlarm','FengShuiVaastu...'SecurityFireAlarm','FengShuiVaastu...'FengShuiVaastuCompliant','SecurityF...'HighCeilingHeight','MaintenanceStaff','...'Waterpurifier','SecurityFireAlarm','F...'PowerBack-up','IntercomFacility','Swimmi...NaN'FengShuiVaastuCompliant','PrivateGard...'PowerBack-up','IntercomFacility','Lift(s...'MaintenanceStaff','WaterStorage''FengShuiVaastuCompliant','PrivateGard...NaNNaN'SecurityFireAlarm','PowerBack-up','Fe...'FengShuiVaastuCompliant','SecurityF...'FengShuiVaastuCompliant','HighCeiling...'FengShuiVaastuCompliant','WaterStorag...NaN'SecurityFireAlarm','FengShuiVaastu...'CentrallyAirConditioned','Waterpurifier'...NaN'SecurityFireAlarm','PowerBack-up','Fe...NaN'FengShuiVaastuCompliant','SecurityF...'FengShuiVaastuCompliant','IntercomFac...'FengShuiVaastuCompliant','SecurityF...NaNNaN'SecurityFireAlarm','PowerBack-up','Fe...'SecurityFireAlarm','PowerBack-up','Fe...NaN'PowerBack-up','Lift(s)','SwimmingPool',...'SecurityFireAlarm','FengShuiVaastu...'PowerBack-up','FengShuiVaastuComplian...'SecurityFireAlarm','PowerBack-up','Fe...'Waterpurifier','SecurityFireAlarm','F...'FengShuiVaastuCompliant','SecurityF...'PowerBack-up','FengShuiVaastuComplian...'SecurityFireAlarm','IntercomFacility',...Name:features,dtype:object"
sector 70a,"'FengShuiVaastuCompliant','SecurityF...NaN'WaterStorage','Park'NaN'PrivateGardenTerrace','Waterpurifier',...'SecurityFireAlarm','IntercomFacility',...NaN'SecurityFireAlarm','PowerBack-up','Fe...'FengShuiVaastuCompliant','SecurityF...'CentrallyAirConditioned','SecurityFire...'FengShuiVaastuCompliant','HighCeiling...NaN'FengShuiVaastuCompliant','SecurityF...'FengShuiVaastuCompliant','IntercomFac...'SecurityFireAlarm','Lift(s)','Maintena...'FengShuiVaastuCompliant','SecurityF...'SecurityFireAlarm','IntercomFacility',...'PowerBack-up','IntercomFacility','Lift(s...'SecurityFireAlarm','FengShuiVaastu...'SecurityFireAlarm','PowerBack-up','Fe...'SecurityFireAlarm','Lift(s)','Maintena...'CentrallyAirConditioned','SecurityFire...'FengShuiVaastuCompliant','SecurityF...'FengShuiVaastuCompliant','IntercomFac...NaN'SecurityFireAlarm','PowerBack-up','Fe...'FengShuiVaastuCompliant','HighCeiling...'FengShuiVaastuCompliant','SecurityF...'FengShuiVaastuCompliant','SecurityF...'FengShuiVaastuCompliant','SecurityF...NaN'FengShuiVaastuCompliant','IntercomFac...'MaintenanceStaff','FalseCeilingLighting'...'CentrallyAirConditioned','Waterpurifier'...'PrivateGardenTerrace','Lift(s)','Swimm...'SecurityFireAlarm','Lift(s)','WaterSt...'SecurityFireAlarm','MaintenanceStaff',...'CentrallyAirConditioned','Waterpurifier'...'WaterStorage','VisitorParking''Lift(s)','SwimmingPool','Park','Fitness...'NaturalLight'NaN'Lift(s)','SwimmingPool','Park','Visitor...'CentrallyAirConditioned','Waterpurifier'...'SecurityFireAlarm','FengShuiVaastu...'Internetwi-ficonnectivity','WaterStorage''FengShuiVaastuCompliant','IntercomFac...NaN'Waterpurifier','CentrallyAirConditioned'...'CentrallyAirConditioned','Waterpurifier'...'SecurityFireAlarm','Lift(s)','Maintena...'FengShuiVaastuCompliant','SecurityF...'FengShuiVaastuCompliant','PrivateGard...NaNName:features,dtype:object"
sector 71,"'CentrallyAirConditioned','Waterpurifier'...'SecurityFireAlarm','FengShuiVaastu...NaN'IntercomFacility','Lift(s)','HighCeiling...'CentrallyAirConditioned','Waterpurifier'...'IntercomFacility','Lift(s)','Maintenance...'SecurityFireAlarm','FengShuiVaastu...'FengShuiVaastuCompliant','PrivateGard...NaN'Waterpurifier','CentrallyAirConditioned'...'SecurityFireAlarm','IntercomFacility',...'SecurityFireAlarm','FengShuiVaastu...'WaterStorage''Lift(s)','Park','FitnessCentreGYM','C...'SecurityFireAlarm','FengShuiVaastu...NaN'FengShuiVaastuCompliant','SecurityF...'PowerBack-up','IntercomFacility','Lift(s...'SecurityFireAlarm','Waterpurifier','S...'SecurityFireAlarm','FengShuiVaastu...'FengShuiVaastuCompliant','PrivateGard...'Waterpurifier','SecurityFireAlarm','F...'Waterpurifier','SecurityFireAlarm','F...'SecurityFireAlarm','IntercomFacility',...'FengShuiVaastuCompliant','Park','Rece...'HighCeilingHeight','MaintenanceStaff','...'SecurityFireAlarm','FengShuiVaastu...Name:features,dtype:object"
sector 72,"'PrivateGardenTerrace','MaintenanceStaf...'Park''CentrallyAirConditioned','Waterpurifier'...'Waterpurifier','CentrallyAirConditioned'...'Waterpurifier','CentrallyAirConditioned'...'CentrallyAirConditioned','Waterpurifier'...'PrivateGardenTerrace','MaintenanceStaff''SecurityFireAlarm','IntercomFacility',...'FengShuiVaastuCompliant','PrivateGard...'SecurityFireAlarm','FengShuiVaastu...'CentrallyAirConditioned','SecurityFire...'FengShuiVaastuCompliant','SecurityF...'PowerBack-up','MaintenanceStaff','Park',...'FengShuiVaastuCompliant','Lift(s)','M...'SecurityFireAlarm','FengShuiVaastu...'PowerBack-up','Lift(s)','SwimmingPool',...'FengShuiVaastuCompliant','SecurityF...'SecurityFireAlarm','IntercomFacility',...'CentrallyAirConditioned','Waterpurifier'...'SecurityFireAlarm','FengShuiVaastu...'CentrallyAirConditioned','Waterpurifier'...'FengShuiVaastuCompliant','SecurityF...'FengShuiVaastuCompliant','SecurityF...'CentrallyAirConditioned','Waterpurifier'...'SecurityFireAlarm','IntercomFacility',...'FengShuiVaastuCompliant','PrivateGard...'FengShuiVaastuCompliant','PrivateGard...'Lift(s)','MaintenanceStaff''CentrallyAirConditioned','Waterpurifier'...Name:features,dtype:object"
sector 73,"'CentrallyAirConditioned','Waterpurifier'...'HighCeilingHeight','MaintenanceStaff','...'SecurityFireAlarm','PowerBack-up','Pr...Name:features,dtype:object"
sector 74,"'CentrallyAirConditioned','Waterpurifier'...'WaterStorage','WasteDisposal''FengShuiVaastuCompliant','PrivateGard...NaN'FengShuiVaastuCompliant','SecurityF...'FengShuiVaastuCompliant','PrivateGard...'Waterpurifier','SecurityFireAlarm','F...'Waterpurifier','CentrallyAirConditioned'...'SecurityFireAlarm','FengShuiVaastu...NaN'CentrallyAirConditioned','Waterpurifier'...NaN'SecurityFireAlarm','FengShuiVaastu...NaN'PrivateGardenTerrace','WaterStorage',...'Waterpurifier','CentrallyAirConditioned'...'HighCeilingHeight','FalseCeilingLightin...'SecurityFireAlarm','PowerBack-up','Fe...Name:features,dtype:object"
sector 76,"'IntercomFacility','Lift(s)','Park''HighCeilingHeight','FalseCeilingLightin...NaN'SecurityFireAlarm','FengShuiVaastu...'CentrallyAirConditioned','Waterpurifier'...'FengShuiVaastuCompliant','PrivateGard...'SecurityFireAlarm','PowerBack-up','Fe...'FalseCeilingLighting','WaterStorage','V...'Waterpurifier','SecurityFireAlarm','P...'PrivateGardenTerrace','WaterStorage',...'IntercomFacility','Lift(s)','Maintenance...'SecurityFireAlarm','PowerBack-up','Fe...'PowerBack-up','IntercomFacility','Lift(s...NaN'Waterpurifier','SecurityFireAlarm','P...Name:features,dtype:object"
sector 77,"'SecurityFireAlarm','FengShuiVaastu...'SecurityFireAlarm','PowerBack-up','Fe...'SecurityFireAlarm','PowerBack-up','Fe...'SecurityFireAlarm','PowerBack-up','Fe...'FengShuiVaastuCompliant','SecurityF...'FengShuiVaastuCompliant','PrivateGard...'VisitorParking''Lift(s)','SwimmingPool','Park','Security...'CentrallyAirConditioned','Waterpurifier'...'PowerBack-up','IntercomFacility','Lift(s...'SecurityFireAlarm','FengShuiVaastu...'FengShuiVaastuCompliant','PrivateGard...'SecurityFireAlarm','FengShuiVaastu...'FengShuiVaastuCompliant','SecurityF...'SecurityFireAlarm','FengShuiVaastu...'FengShuiVaastuCompliant','SecurityF...'PrivateGardenTerrace','HighCeilingHei...'SecurityFireAlarm','Lift(s)','Maintena...NaN'FengShuiVaastuCompliant','SecurityF...'Noopendrainagearound','NaturalLight','...'FengShuiVaastuCompliant','PrivateGard...'CentrallyAirConditioned','Waterpurifier'...'PrivateGardenTerrace''IntercomFacility','Lift(s)','FengShui...'SecurityFireAlarm','FengShuiVaastu...'SecurityFireAlarm','FengShuiVaastu...Name:features,dtype:object"
sector 78,"'SecurityFireAlarm','IntercomFacility',...'WaterStorage','Park''SecurityFireAlarm','FengShuiVaastu...NaN'FengShuiVaastuCompliant','SecurityF...'CentrallyAirConditioned','Waterpurifier'...'Lift(s)','Park','Piped-gas','NaturalLigh...'SecurityFireAlarm','FengShuiVaastu...NaN'SecurityFireAlarm','PrivateGardenTe...'FengShuiVaastuCompliant','SecurityF...'CentrallyAirConditioned','Waterpurifier'...'SecurityFireAlarm','IntercomFacility',...'FengShuiVaastuCompliant','SecurityF...'FengShuiVaastuCompliant','Maintenance...NaNName:features,dtype:object"
sector 79,"'SecurityFireAlarm','PrivateGardenTe...'Waterpurifier','SecurityFireAlarm','F...'FengShuiVaastuCompliant','PrivateGard...'CentrallyAirConditioned','Waterpurifier'...'SecurityFireAlarm','FengShuiVaastu......'SecurityFireAlarm','FengShuiVaastu...'IntercomFacility','Lift(s)','Maintenance...'IntercomFacility','Lift(s)','Maintenance...'SecurityFireAlarm','PowerBack-up','Fe...'SecurityFireAlarm','FengShuiVaastu...Name:features,Length:,dtype:object"
sector 8,"'IntercomFacility','Lift(s)','SwimmingPoo...NaN'PowerBack-up','Lift(s)','SwimmingPool',...'SecurityFireAlarm','Waterpurifier','H...'FengShuiVaastuCompliant','SecurityF...'FengShuiVaastuCompliant','SecurityF...'Lift(s)','SwimmingPool','Park','Internet...Name:features,dtype:object"
sector 80,"'SecurityFireAlarm','IntercomFacility',...'FengShuiVaastuCompliant','IntercomFac...'SecurityFireAlarm','FengShuiVaastu...NaN'SecurityFireAlarm','FengShuiVaastu...Name:features,dtype:object"
sector 81,"'IntercomFacility','Lift(s)','SwimmingPoo...NaN'CentrallyAirConditioned','Waterpurifier'...'PowerBack-up','IntercomFacility','Lift(s...NaN...'FengShuiVaastuCompliant','WaterStorage''IntercomFacility','Lift(s)','Park','Club...'FengShuiVaastuCompliant','PrivateGard...'WaterStorage''Waterpurifier','SecurityFireAlarm','P...Name:features,Length:,dtype:object"
sector 82,"'SecurityFireAlarm','FengShuiVaastu...'SecurityFireAlarm','FengShuiVaastu...'FengShuiVaastuCompliant','SecurityF...'Lift(s)','WaterStorage','Separateentryf...'FengShuiVaastuCompliant','Lift(s)','S...'SecurityFireAlarm','IntercomFacility',...'CentrallyAirConditioned','Waterpurifier'...'CentrallyAirConditioned','Waterpurifier'...'SecurityFireAlarm','IntercomFacility',...'FengShuiVaastuCompliant','SecurityF...'PowerBack-up','FengShuiVaastuComplian...'FengShuiVaastuCompliant','VisitorPark...'CentrallyAirConditioned','Waterpurifier'...'SecurityFireAlarm','Lift(s)','Maintena...'PowerBack-up','IntercomFacility','Lift(s...'CentrallyAirConditioned','SecurityFire...'SecurityFireAlarm','IntercomFacility',...'FengShuiVaastuCompliant','IntercomFac...'CentrallyAirConditioned','Waterpurifier'...NaNNaN'PowerBack-up','SecurityFireAlarm','Pr...'Waterpurifier','SecurityFireAlarm','P...'CentrallyAirConditioned','Waterpurifier'...'CentrallyAirConditioned','Waterpurifier'...'CentrallyAirConditioned','SecurityFire...'IntercomFacility','Lift(s)','Park''IntercomFacility','Lift(s)','SwimmingPoo...'FengShuiVaastuCompliant','SecurityF...'Lift(s)','MaintenanceStaff','Park''MaintenanceStaff','WaterStorage''Noopendrainagearound','Internetwi-fico...'CentrallyAirConditioned','Waterpurifier'...'Park''Waterpurifier','SecurityFireAlarm','F...'PowerBack-up','FengShuiVaastuComplian...'FengShuiVaastuCompliant','SecurityF...'WaterStorage','RainWaterHarvesting''FengShuiVaastuCompliant','SecurityF...NaN'PowerBack-up','Lift(s)','SwimmingPool',...Name:features,dtype:object"
sector 82a,"'Lift(s)','MaintenanceStaff''FengShuiVaastuCompliant','SecurityF...'CentrallyAirConditioned','Waterpurifier'...'CentrallyAirConditioned','SecurityFire...'SecurityFireAlarm','IntercomFacility',...'FengShuiVaastuCompliant','SecurityF...'SecurityFireAlarm','FengShuiVaastu...'Lift(s)','SwimmingPool','Park','Visitor...NaN'PowerBack-up','SecurityFireAlarm','Li...'SecurityFireAlarm','PowerBack-up','Fe...NaN'FengShuiVaastuCompliant','SecurityF...'Lift(s)','HighCeilingHeight','Maintenanc...'IntercomFacility','Lift(s)','Maintenance...NaN'CentrallyAirConditioned','Waterpurifier'...'CentrallyAirConditioned','Waterpurifier'...'SecurityFireAlarm','FengShuiVaastu...Name:features,dtype:object"
sector 83,"'FengShuiVaastuCompliant','SecurityF...'FengShuiVaastuCompliant','SecurityF...'SecurityFireAlarm','PowerBack-up','In...'PowerBack-up','FengShuiVaastuComplian...NaN...'Waterpurifier','SecurityFireAlarm','F...'FengShuiVaastuCompliant','SecurityF...'PowerBack-up','IntercomFacility','Lift(s...'PrivateGardenTerrace','WasteDisposal'NaNName:features,Length:,dtype:object"
sector 84,"'CentrallyAirConditioned','Waterpurifier'...'PowerBack-up','IntercomFacility','Lift(s...'FengShuiVaastuCompliant','IntercomFac...'CentrallyAirConditioned','Waterpurifier'...'SecurityFireAlarm','PowerBack-up','Fe...'SecurityFireAlarm','FengShuiVaastu...'SecurityFireAlarm','PowerBack-up','Fe...'SecurityFireAlarm','PowerBack-up','Fe...'SecurityFireAlarm','IntercomFacility',...'Waterpurifier','SecurityFireAlarm','F...'SecurityFireAlarm','PowerBack-up','Fe...'FengShuiVaastuCompliant','SecurityF...'FengShuiVaastuCompliant','SecurityF...NaNNaN'IntercomFacility','Lift(s)','Maintenance...NaNNaN'SecurityFireAlarm','Lift(s)','Maintena...'Waterpurifier','PowerBack-up','FengShui...'Park''CentrallyAirConditioned','Waterpurifier'...NaN'IntercomFacility','Lift(s)','FengShui...'Lift(s)','IntercomFacility','SecurityF...'PowerBack-up','IntercomFacility','Lift(s...NaN'SecurityFireAlarm','PowerBack-up','Fe...'CentrallyAirConditioned','Waterpurifier'...'MaintenanceStaff','WaterStorage','Waste...'SecurityFireAlarm','PowerBack-up','Fe...'FengShuiVaastuCompliant','IntercomFac...NaNNaN'SecurityFireAlarm','PowerBack-up','Li...'SwimmingPool','WaterStorage','Park','Cl...NaN'SecurityFireAlarm','PowerBack-up','Fe...'Waterpurifier','HighCeilingHeight','Fal...NaN'CentrallyAirConditioned','SecurityFire...'FengShuiVaastuCompliant','IntercomFac...'FengShuiVaastuCompliant','PrivateGard...'IntercomFacility','Lift(s)','Maintenance...'Waterpurifier','SecurityFireAlarm','F...'SecurityFireAlarm','FengShuiVaastu...'CentrallyAirConditioned','Waterpurifier'...'WaterStorage','Park''PowerBack-up','IntercomFacility','Lift(s...Name:features,dtype:object"
sector 85,"NaN'CentrallyAirConditioned','Waterpurifier'...'PowerBack-up','IntercomFacility','Lift(s...'SecurityFireAlarm','IntercomFacility',...'FengShuiVaastuCompliant','PrivateGard......'FengShuiVaastuCompliant','SecurityF...'CentrallyAirConditioned','Waterpurifier'...'FengShuiVaastuCompliant','PrivateGard...'FengShuiVaastuCompliant','PrivateGard...'SecurityFireAlarm','IntercomFacility',...Name:features,Length:,dtype:object"
sector 86,"'PrivateGardenTerrace','HighCeilingHei...'FengShuiVaastuCompliant','Maintenance...'SecurityFireAlarm','IntercomFacility',...'SecurityFireAlarm','IntercomFacility',...'CentrallyAirConditioned','Waterpurifier'......'SecurityFireAlarm','IntercomFacility',...'FengShuiVaastuCompliant','PrivateGard...'SecurityFireAlarm','FengShuiVaastu...NaN'SecurityFireAlarm','FengShuiVaastu...Name:features,Length:,dtype:object"
sector 88a,"'SecurityFireAlarm','FengShuiVaastu...NaN'FengShuiVaastuCompliant','SecurityF...'FengShuiVaastuCompliant','SecurityF...NaN'SecurityFireAlarm','FengShuiVaastu...'SecurityFireAlarm','FengShuiVaastu...'SecurityFireAlarm','Lift(s)','Maintena...NaN'IntercomFacility','Lift(s)','SwimmingPoo...'CentrallyAirConditioned','Waterpurifier'...NaNNaN'Waterpurifier','SecurityFireAlarm','P...'FengShuiVaastuCompliant','SecurityF...'SecurityFireAlarm','FengShuiVaastu...'SecurityFireAlarm','FengShuiVaastu...'CentrallyAirConditioned','Lift(s)','Park...NaN'FengShuiVaastuCompliant','PrivateGard...'MaintenanceStaff'NaNName:features,dtype:object"
sector 88b,"'SecurityFireAlarm','FengShuiVaastu...'VisitorParking''Lift(s)','FengShuiVaastuCompliant','I...Name:features,dtype:object"
sector 89,"'FengShuiVaastuCompliant','SecurityF...'IntercomFacility','Lift(s)','Maintenance...'SecurityFireAlarm','PowerBack-up','In...'SecurityFireAlarm','FengShuiVaastu...'Lift(s)','SwimmingPool','Park','Shopping...'PowerBack-up','FengShuiVaastuComplian...'CentrallyAirConditioned','Waterpurifier'...'HighCeilingHeight','MaintenanceStaff','...'FengShuiVaastuCompliant','SecurityF...'SecurityFireAlarm','PowerBack-up','Fe...'FengShuiVaastuCompliant','IntercomFac...'CentrallyAirConditioned','Waterpurifier'...'Lift(s)','MaintenanceStaff','WaterStorag...'WaterStorage','Park''SecurityFireAlarm','PowerBack-up','Fe...'CentrallyAirConditioned','Waterpurifier'...'SecurityFireAlarm','FengShuiVaastu...'FengShuiVaastuCompliant','HighCeiling...'MaintenanceStaff','Separateentryforserv...'SecurityFireAlarm','PrivateGardenTe...'PrivateGardenTerrace','HighCeilingHei...NaNNaN'SecurityFireAlarm','Lift(s)','Waterpu...'SecurityFireAlarm','PowerBack-up','Fe...'SecurityFireAlarm','PowerBack-up','Fe...NaN'IntercomFacility','Lift(s)','SwimmingPoo...'PrivateGardenTerrace','HighCeilingHei...NaN'SecurityFireAlarm','PowerBack-up','Fe...'MaintenanceStaff','WaterStorage','Visito...'FengShuiVaastuCompliant','SecurityF...'MaintenanceStaff','WaterStorage','Noope...NaN'CentrallyAirConditioned','Waterpurifier'...'FengShuiVaastuCompliant','SecurityF...'Waterpurifier','CentrallyAirConditioned'...'Waterpurifier','CentrallyAirConditioned'...'Waterpurifier','SecurityFireAlarm','F...'FengShuiVaastuCompliant','SecurityF...'PrivateGardenTerrace','WaterStorage',...NaN'SecurityFireAlarm','FengShuiVaastu...NaN'SecurityFireAlarm','FengShuiVaastu...'FengShuiVaastuCompliant','SecurityF...'IntercomFacility','Lift(s)','SwimmingPoo...NaN'FengShuiVaastuCompliant','SecurityF...'CentrallyAirConditioned','Waterpurifier'...'SecurityFireAlarm','PowerBack-up','Fe...'CentrallyAirConditioned','Waterpurifier'...'SecurityFireAlarm','PowerBack-up','Fe...'Lift(s)','SwimmingPool','FitnessCentre...'PrivateGardenTerrace','WaterStorage',...'SecurityFireAlarm','IntercomFacility',...Name:features,dtype:object"
sector 9,"NaN'WaterStorage','Noopendrainagearound','...'SecurityFireAlarm','FengShuiVaastu...NaN'Waterpurifier','SecurityFireAlarm','P...'SecurityFireAlarm','PowerBack-up','Fe...'CentrallyAirConditioned','Waterpurifier'...'CentrallyAirConditioned','Waterpurifier'...'SecurityFireAlarm','PowerBack-up','Fe...'FengShuiVaastuCompliant','IntercomFac...'FengShuiVaastuCompliant','PrivateGard...'FengShuiVaastuCompliant','SecurityF...Name:features,dtype:object"
sector 90,"'Lift(s)','Park','ShoppingCentre''FengShuiVaastuCompliant','SecurityF...'CentrallyAirConditioned','Waterpurifier'...NaN'FengShuiVaastuCompliant','SecurityF......'CentrallyAirConditioned','Waterpurifier'...'PowerBack-up','SecurityFireAlarm','In...'Park','VisitorParking','LowDensitySocie...'Lift(s)','MaintenanceStaff','WaterStorag...NaNName:features,Length:,dtype:object"
sector 91,"'FengShuiVaastuCompliant','SecurityF...NaNNaN'SecurityFireAlarm','IntercomFacility',...NaN'FengShuiVaastuCompliant','IntercomFac...'CentrallyAirConditioned','Waterpurifier'...'FengShuiVaastuCompliant','WaterStorag...'CentrallyAirConditioned','HighCeilingHe...'SecurityFireAlarm','IntercomFacility',...'FengShuiVaastuCompliant','PrivateGard...'SecurityFireAlarm','PowerBack-up','Fe...'PrivateGardenTerrace','WaterStorage''CentrallyAirConditioned','Waterpurifier'...'IntercomFacility','Lift(s)','SwimmingPoo...'WaterStorage','VisitorParking','WasteDi...'PowerBack-up','IntercomFacility','Lift(s...Name:features,dtype:object"
sector 92,"'PowerBack-up','IntercomFacility','Lift(s...'SecurityFireAlarm','Lift(s)','Maintena...'FengShuiVaastuCompliant','SecurityF...NaN'FengShuiVaastuCompliant','SecurityF......'Waterpurifier','SecurityFireAlarm','P...'VisitorParking''SecurityFireAlarm','PowerBack-up','Fe...NaN'SecurityFireAlarm','PrivateGardenTe...Name:features,Length:,dtype:object"
sector 93,"'FengShuiVaastuCompliant','SecurityF...'SecurityFireAlarm','IntercomFacility',...'IntercomFacility','Lift(s)','Maintenance...'FengShuiVaastuCompliant','PrivateGard...'SecurityFireAlarm','PowerBack-up','Fe...'CentrallyAirConditioned','Waterpurifier'...NaN'FengShuiVaastuCompliant','SecurityF...'SwimmingPool','Piped-gas','SecurityPerso...Name:features,dtype:object"
sector 95,"'ClubhouseCommunityCenter''PowerBack-up','IntercomFacility','Lift(s...'Waterpurifier','SecurityFireAlarm','P...'FengShuiVaastuCompliant','Park','Visi...NaN'FengShuiVaastuCompliant','IntercomFac...'FengShuiVaastuCompliant','SecurityF...'FengShuiVaastuCompliant','Lift(s)','S...'SecurityFireAlarm','FengShuiVaastu...NaN'PowerBack-up','FengShuiVaastuComplian...'FengShuiVaastuCompliant','WaterStorage''CentrallyAirConditioned','Waterpurifier'...'SecurityFireAlarm','FengShuiVaastu...'FengShuiVaastuCompliant','Maintenance...'SecurityFireAlarm','PowerBack-up','Fe...'FengShuiVaastuCompliant','HighCeiling...'SecurityFireAlarm','FengShuiVaastu...'Waterpurifier','CentrallyAirConditioned'...NaN'Waterpurifier','SecurityFireAlarm','F...NaN'SecurityFireAlarm','PowerBack-up','Fe...'SecurityFireAlarm','FengShuiVaastu...'FengShuiVaastuCompliant','PrivateGard...'Park'NaN'FengShuiVaastuCompliant','SecurityF...NaN'SecurityFireAlarm','FengShuiVaastu...'HighCeilingHeight','MaintenanceStaff','...'PowerBack-up','IntercomFacility','Lift(s...'Waterpurifier','SecurityFireAlarm','P...'SecurityFireAlarm','PowerBack-up','Li...'SecurityFireAlarm','PowerBack-up','Fe...'IntercomFacility','Lift(s)','Maintenance...'SecurityFireAlarm','FengShuiVaastu...NaN'Waterpurifier','SecurityFireAlarm','F...NaN'FengShuiVaastuCompliant','IntercomFac...'SecurityFireAlarm','Lift(s)','Maintena...NaN'PowerBack-up','IntercomFacility','Lift(s...'SecurityFireAlarm','IntercomFacility',...NaN'CentrallyAirConditioned','Waterpurifier'...'FengShuiVaastuCompliant','SecurityF...'SecurityFireAlarm','Lift(s)','Maintena...'CentrallyAirConditioned','Waterpurifier'...'SecurityFireAlarm','FengShuiVaastu...'IntercomFacility','Lift(s)','SwimmingPoo...'PowerBack-up','IntercomFacility','Lift(s...NaN'Waterpurifier','SecurityFireAlarm','P...Name:features,dtype:object"
sector 99,"'SecurityFireAlarm','PowerBack-up','Fe...NaN'FengShuiVaastuCompliant','SecurityF...'CentrallyAirConditioned','SecurityFire...'CentrallyAirConditioned','SecurityFire...'Waterpurifier','SecurityFireAlarm','F...'Lift(s)','SwimmingPool','Park','Security...'PowerBack-up','Lift(s)','Noopendrainage...NaN'IntercomFacility','Lift(s)','SwimmingPoo...'PrivateGardenTerrace','WaterStorage''FengShuiVaastuCompliant','IntercomFac...Name:features,dtype:object"
sector 99a,"'SecurityFireAlarm','IntercomFacility',...'SecurityFireAlarm','IntercomFacility',...'FengShuiVaastuCompliant','IntercomFac...'SecurityFireAlarm','Waterpurifier','W...'FengShuiVaastuCompliant','SecurityF...'FengShuiVaastuCompliant','Lift(s)','M...'SecurityFireAlarm','FengShuiVaastu...'PowerBack-up','FengShuiVaastuComplian...NaNNaN'SecurityFireAlarm','FengShuiVaastu...'SecurityFireAlarm','Lift(s)''FengShuiVaastuCompliant''WaterStorage','Park','WasteDisposal''FengShuiVaastuCompliant','SecurityF...'SecurityPersonnel','Internetwi-ficonnect...'SecurityFireAlarm','PowerBack-up','Li...'SecurityFireAlarm','PowerBack-up','Fe...NaNNaN'CentrallyAirConditioned','Waterpurifier'...'PowerBack-up','FengShuiVaastuComplian...'PowerBack-up','IntercomFacility','Lift(s...'PowerBack-up','SecurityFireAlarm','In...NaNNaNNaNNaN'FengShuiVaastuCompliant','RecentlyRen...NaNName:features,dtype:object"
sector 9a,"NaN'Waterpurifier','SecurityFireAlarm','P...'Park'NaN'FengShuiVaastuCompliant','PrivateGard...NaNNaN'FengShuiVaastuCompliant','SecurityF...'FengShuiVaastuCompliant','SecurityF...'HighCeilingHeight','Park','VisitorParki...Name:features,dtype:object"
sohna road,"'FengShuiVaastuCompliant','HighCeiling...'IntercomFacility','Lift(s)','SwimmingPoo...NaN'FengShuiVaastuCompliant','PrivateGard...'CentrallyAirConditioned','Waterpurifier'......NaN'FengShuiVaastuCompliant','SecurityF...NaN'PowerBack-up','FengShuiVaastuComplian...'FengShuiVaastuCompliant','IntercomFac...Name:features,Length:,dtype:object"
sohna road road,"'SecurityFireAlarm','PowerBack-up','Fe...'SecurityFireAlarm','PrivateGardenTe...'PowerBack-up','IntercomFacility','Lift(s...NaN'MaintenanceStaff','WaterStorage','Visito...'FengShuiVaastuCompliant','SecurityF...'FengShuiVaastuCompliant','Lift(s)','H...NaN'PowerBack-up','Lift(s)','HighCeilingHei...'CentrallyAirConditioned','Waterpurifier'...'SecurityFireAlarm','IntercomFacility',...Name:features,dtype:object"
